Protocolo,Motivo,Fecha Toma Muestra,Semana Epidemiológica,Rup Toma Muestra,"Rup Toma
 Muestra2",Coordenada X,Coordenada y,Huso,longitude,latitude,Región ,Comuna,Comuna2,Temp Min,Temp Max,Humedad relativa (%),Precipitación diaria,Precipitacion mensual acumulada,Especie,Nombre científico,Familia,Orden,Categoria,N° animal muestreado,Total Muestras,RT-PCR Tiempo Real IA Matrix A +,RT-PCR Tiempo Real IA Matrix A -,IDAG +,IDAG -,Secuenciación,Clasificación,Comentarios
228245,Vigilancia,15/12/2022,50,02.1.02.0046,02.1.02.0046,367992,7486224,19,-70.28546014,-22.72613807,Antofagasta,MEJILLONES,MEJILLONES,15.8,24.3,67.4,0,0,Jote de cabeza colorada,Cathartes aura,Cathartidae,Cathartiformes,Aves Silvestres,4,4,3,1,,,,Positivo,
228252,Vigilancia,17/12/2022,51,02.1.01.0088,02.1.01.0088,357488,7384657,19,-70.39721775,-23.6424894,Antofagasta,ANTOFAGASTA,ANTOFAGASTA,16.9,23.7,64.8,0,0,Jote de cabeza colorada,Cathartes aura,Cathartidae,Cathartiformes,Aves Silvestres,1,2,2,,,,,Positivo,
228440,Vigilancia,19/12/2022,51,01.1.01.0073,01.1.01.0073,379592,7761943,19,-70.15274149,-20.23636668,Tarapacá,IQUIQUE,IQUIQUE,18.4,24.2,63.2,0,0,Jote de cabeza colorada,Cathartes aura,Cathartidae,Cathartiformes,Aves Silvestres,1,2,2,,,,,Positivo,
228579,Vigilancia,19/12/2022,51,15.1.01.0996,15.1.01.0996,362700,7959016,19,-70.30024736,-18.45468015,Arica,ARICA,ARICA,18.8,24.8,66.4,0,0,Jote de cabeza colorada,Cathartes aura,Cathartidae,Cathartiformes,Aves Silvestres,1,2,2,,,,,Positivo,
228576,Vigilancia,20/12/2022,52,02.1.01.0088,02.1.01.0088,357488,7384657,19,-70.39721775,-23.6424894,Antofagasta,ANTOFAGASTA,ANTOFAGASTA,17.4,23.8,71.8,0,0,Jote de cabeza colorada,Cathartes aura,Cathartidae,Cathartiformes,Aves Silvestres,3,6,4,2,,,,Positivo,
228705,Vigilancia,20/12/2022,52,02.1.02.0071,02.1.02.0071,355485,7446108,19,-70.41096718,-23.08739243,Antofagasta,MEJILLONES,MEJILLONES,16.2,29.1,64.1,0,0,Jote de cabeza colorada,Cathartes aura,Cathartidae,Cathartiformes,Aves Silvestres,1,2,2,,,,,Positivo,
230187,Denuncia,31/12/2022,53,05.1.09.0059,05.1.09.0059,263079,6344270,19,-71.53626744,-33.01429591,Valparaíso,VIÑA DEL MAR,VIÑA DEL MAR,13.5,19.3,85.2,1.3,5.9,Jote de cabeza colorada,Cathartes aura,Cathartidae,Cathartiformes,Aves Silvestres,1,2,2,,,,H5N1,Positivo,
234887,Denuncia,31/01/2023,5,06.2.05.0744,06.2.05.0744,234661,6239182,19,-71.87126808,-33.95442508,O'Higgins,NAVIDAD,NAVIDAD,7.4,19.3,86.9,0,0,Jote de cabeza colorada,Cathartes aura,Cathartidae,Cathartiformes,Aves Silvestres,2,2,2,,,,H5N1,Positivo,
236377,Vigilancia,9/02/2023,6,01.1.01.0059,01.1.01.0059,380771,7765756,19,-70.14120458,-20.20199129,Tarapacá,IQUIQUE,IQUIQUE,19.9,27,64,0,0,Jote de cabeza colorada,Cathartes aura,Cathartidae,Cathartiformes,Aves Silvestres,1,1,1,,,,H5N1,Positivo,
236643,Vigilancia,13/02/2023,7,02.1.01.0111,02.1.01.0111,357427,7384164,19,-70.39786296,-23.6469358,Antofagasta,ANTOFAGASTA,ANTOFAGASTA,19,26,71.6,0,0,Jote de cabeza colorada,Cathartes aura,Cathartidae,Cathartiformes,Aves Silvestres,1,1,1,,,,H5N1,Positivo,
236766,Vigilancia,14/02/2023,7,02.1.01.0085,02.1.01.0085,354423,7400134,19,-70.42575054,-23.50245883,Antofagasta,ANTOFAGASTA,ANTOFAGASTA,18.5,25.4,71.4,0,0,Jote de cabeza colorada,Cathartes aura,Cathartidae,Cathartiformes,Aves Silvestres,1,1,1,,,,H5N1,Positivo,
236976,Vigilancia,15/02/2023,7,05.4.01.1540,05.4.01.1540,266120,6428522,19,-71.48266791,-32.25564571,Valparaíso,LA LIGUA,LA LIGUA,7.3,24.6,72,0,0,Jote de cabeza colorada,Cathartes aura,Cathartidae,Cathartiformes,Aves Silvestres,1,1,1,,,,H5N1,Positivo,
237274,Vigilancia,17/02/2023,7,01.1.01.0036,01.1.01.0036,380999,7760555,19,-70.13936483,-20.24899473,Tarapacá,IQUIQUE,IQUIQUE,21,28.2,63.5,0,0,Jote de cabeza colorada,Cathartes aura,Cathartidae,Cathartiformes,Aves Silvestres,1,1,1,,,,H5N1,Positivo,
237750,Vigilancia,20/02/2023,8,01.1.01.0081,01.1.01.0081,379087,7765855,19,-70.15731399,-20.20099146,Tarapacá,IQUIQUE,IQUIQUE,19.8,27.1,71.2,0,0,Jote de cabeza colorada,Cathartes aura,Cathartidae,Cathartiformes,Aves Silvestres,1,1,1,,,,H5N1,Positivo,
237925,Vigilancia,21/02/2023,8,01.1.01.0081,01.1.01.0081,379087,7765855,19,-70.15731399,-20.20099146,Tarapacá,IQUIQUE,IQUIQUE,18.7,25.8,65.5,0,0,Jote de cabeza colorada,Cathartes aura,Cathartidae,Cathartiformes,Aves Silvestres,1,1,1,,,,,Positivo,
238741,Vigilancia,23/02/2023,8,01.1.01.0078,01.1.01.0078,390196,7630277,19,-70.05952558,-21.4265121,Antofagasta,IQUIQUE,IQUIQUE,18.2,26,63.8,0,0,Jote de cabeza colorada,Cathartes aura,Cathartidae,Cathartiformes,Aves Silvestres,1,1,1,,,,,Positivo,
244125,Denuncia,16/03/2023,11,04.1.02.0467,04.1.02.0467,273515,6682497,19,-71,-30,Coquimbo,COQUIMBO,COQUIMBO,16.2,20.8,88.8,0,0.4,Jote de cabeza colorada,Cathartes aura,Cathartidae,Cathartiformes,Aves Silvestres,1,1,1,,,,,Positivo,
244785,Vigilancia,24/03/2023,12,03.1.02.0211,03.1.02.0211,318326,7005604,19,-71,-27,Atacama,CALDERA,CALDERA,17.6,25,75,0,0,Jote de cabeza colorada,Cathartes aura,Cathartidae,Cathartiformes,Aves Silvestres,1,1,1,,,,,Positivo,
244571,Vigilancia,25/03/2023,12,06.2.05.0742,06.2.05.0742,233512,6237098,19,-72,-34,O'Higgins,NAVIDAD,NAVIDAD,4.4,31,66.4,0,0.2,Jote de cabeza colorada,Cathartes aura,Cathartidae,Cathartiformes,Aves Silvestres,1,1,1,,,,H5N1,Positivo,
230347,Denuncia,2/01/2023,1,04.1.04.0180,04.1.04.0180,254973,6762941,19,-71.52106419,-29.23863535,Coquimbo,LA HIGUERA,LA HIGUERA,13.7,20.8,80.3,0,0,Gaviota dominicana,Larus dominicanus,Laridae,Charadriiformes,Aves Silvestres,1,2,1,1,,,,Positivo,
230759,Vigilancia,2/01/2023,1,15.1.01.0701,15.1.01.0701,360449,7962941,19,-70.32128936,-18.41906725,Arica,ARICA,ARICA,18.2,24,64,0,0,Gaviota dominicana,Larus dominicanus,Laridae,Charadriiformes,Aves Silvestres,1,2,2,,,,,Positivo,
235429,Denuncia,18/01/2023,3,10.2.02.3489,10.2.02.3489,597175,5364337,18,-74,-42,Los Lagos,ANCUD,ANCUD,9.1,24,74.1,0,24.2,Gaviota dominicana,Larus dominicanus,Laridae,Charadriiformes,Aves Silvestres,1,1,1,,,,H5N1,Positivo,
234251,Vigilancia,19/01/2023,3,03.1.02.0175,03.1.02.0175,317514,7006008,19,-70.84002379,-27.05619019,Atacama,CALDERA,CALDERA,16,23.8,67,0,0,Gaviota dominicana,Larus dominicanus,Laridae,Charadriiformes,Aves Silvestres,1,2,2,,,,H5N1,Positivo,
234662,Denuncia,30/01/2023,5,04.1.02.0460,04.1.02.0460,266295,6657034,19,-71.42754439,-30.1957376,Coquimbo,COQUIMBO,COQUIMBO,14.8,19.9,86.4,0,0,Gaviota dominicana,Larus dominicanus,Laridae,Charadriiformes,Aves Silvestres,1,2,1,1,,,H5N1,Positivo,
234619,Denuncia,30/01/2023,5,16.2.03.2434,16.2.03.2434,691062,5969964,18,-73,-36,Ñuble,COELEMU,COELEMU,10.2,33.3,66.1,0,3.4,Gaviota dominicana,Larus dominicanus,Laridae,Charadriiformes,Aves Silvestres,1,2,2,,,,H5N1,Positivo,
234996,Denuncia,31/01/2023,5,16.2.03.2434,16.2.03.2434,691062,5969964,18,-72.86952505,-36.39650098,Ñuble,COELEMU,COELEMU,9.8,29.8,61.5,0,3.4,Gaviota dominicana,Larus dominicanus,Laridae,Charadriiformes,Aves Silvestres,2,2,2,,,,H5N1,Positivo,
235039,Vigilancia,2/02/2023,5,01.1.01.0081,01.1.01.0081,379087,7765855,19,-70.15731399,-20.20099146,Tarapacá,IQUIQUE,IQUIQUE,19.8,26.1,70,0,0,Gaviota dominicana,Larus dominicanus,Laridae,Charadriiformes,Aves Silvestres,1,1,1,,,,H5N1,Positivo,
235069,Denuncia,2/02/2023,5,06.2.01.0523,06.2.01.0523,773202,6189286,18,-72.02801529,-34.40180279,O'Higgins,PICHILEMU,PICHILEMU,7.2,24.8,72.5,0,0,Gaviota dominicana,Larus dominicanus,Laridae,Charadriiformes,Aves Silvestres,4,4,1,1,,,H5N1,Positivo,
235518,Vigilancia,3/02/2023,5,03.2.01.0010,03.2.01.0010,332542,7060632,19,-70.68126082,-26.56511337,Atacama,CHAÑARAL,CHAÑARAL,16.4,22.3,85.5,0.3,0.3,Gaviota dominicana,Larus dominicanus,Laridae,Charadriiformes,Aves Silvestres,1,1,1,,,,H5N1,Positivo,
235341,Vigilancia,5/02/2023,6,04.2.03.0566,04.2.03.0566,264023,6468520,19,-71.49509295,-31.8947008,Coquimbo,LOS VILOS,LOS VILOS,13.1,24.3,66.3,0,0,Gaviota dominicana,Larus dominicanus,Laridae,Charadriiformes,Aves Silvestres,1,1,1,,,,,Positivo,
236011,Vigilancia,9/02/2023,6,05.1.05.0209,05.1.05.0209,267011,6374392,19,-71,-33,Valparaíso,PUCHUNCAVI,PUCHUNCAVI,16,21,87,0,0,Gaviota dominicana,Larus dominicanus,Laridae,Charadriiformes,Aves Silvestres,1,1,1,,,,H5N1,Positivo,
235977,Denuncia,9/02/2023,6,06.2.03.0402,06.2.03.0402,224321,6219663,19,-71.98919446,-34.12756467,O'Higgins,LITUECHE,LITUECHE,11.6,25.8,82,0,0,Gaviota dominicana,Larus dominicanus,Laridae,Charadriiformes,Aves Silvestres,2,1,1,,,,H5N1,Positivo,
237104,Vigilancia,10/02/2023,6,15.1.02.0124,15.1.02.0124,366497,7877562,19,-70.26981157,-19.19091189,Arica,CAMARONES,CAMARONES,19.6,28.4,59.4,0,0,Gaviota dominicana,Larus dominicanus,Laridae,Charadriiformes,Aves Silvestres,1,1,1,,,,H5N1,Positivo,
236586,Vigilancia,13/02/2023,7,01.1.01.0055,01.1.01.0055,380470,7751434,19,-70.14503413,-20.33136614,Tarapacá,IQUIQUE,IQUIQUE,20.6,27.5,61.5,0,0,Gaviota dominicana,Larus dominicanus,Laridae,Charadriiformes,Aves Silvestres,2,1,1,,,,H5N1,Positivo,
237060,Vigilancia,14/02/2023,7,03.3.03.0219,03.3.03.0219,257294,6780733,19,-71.49332162,-29.07864994,Atacama,FREIRINA,FREIRINA,13.4,24.8,77,0,0,Gaviota dominicana,Larus dominicanus,Laridae,Charadriiformes,Aves Silvestres,1,2,1,1,,,H5N1,Positivo,
237686,Denuncia,15/02/2023,7,04.1.02.0470,04.1.02.0470,271921,6680620,19,-71.36408076,-29.98413689,Coquimbo,COQUIMBO,COQUIMBO,15.5,19.1,87.2,0,0,Gaviota dominicana,Larus dominicanus,Laridae,Charadriiformes,Aves Silvestres,1,1,1,,,,H5N1,Positivo,
237012,Vigilancia,15/02/2023,7,08.1.12.0079,08.1.12.0079,666847,5924905,18,-73.12962176,-36.80700431,Bío Bío,HUALPEN,HUALPEN,13.7,23.8,66,0,0,Gaviota dominicana,Larus dominicanus,Laridae,Charadriiformes,Aves Silvestres,1,1,1,,,,H5N1,Positivo,
237126,Vigilancia,16/02/2023,7,15.1.01.0701,15.1.01.0701,360449,7962941,19,-70.32128936,-18.41906725,Arica,ARICA,ARICA,21.5,26.5,70,0,1.1,Gaviota dominicana,Larus dominicanus,Laridae,Charadriiformes,Aves Silvestres,1,1,1,,,,,Positivo,
238311,Vigilancia,20/02/2023,8,03.1.02.0065,03.1.02.0065,319500,7028669,19,-70.81672316,-26.85195579,Atacama,CALDERA,CALDERA,15.5,21.9,87,0,0.3,Gaviota dominicana,Larus dominicanus,Laridae,Charadriiformes,Aves Silvestres,1,1,1,,,,H5N1,Positivo,
237778,Denuncia,20/02/2023,8,06.2.05.0838,06.2.05.0838,240702,6243921,19,-71.80456617,-33.91324241,O'Higgins,NAVIDAD,NAVIDAD,8.1,27.7,76,0,0,Gaviota dominicana,Larus dominicanus,Laridae,Charadriiformes,Aves Silvestres,1,1,1,,,,H5N1,Positivo,
237870,Denuncia,21/02/2023,8,06.2.05.0755,06.2.05.0755,236625,6242737,19,-71.84897082,-33.92289603,O'Higgins,NAVIDAD,NAVIDAD,7.7,20.7,84.4,0,0,Gaviota dominicana,Larus dominicanus,Laridae,Charadriiformes,Aves Silvestres,1,1,1,,,,H5N1,Positivo,
238308,Vigilancia,22/02/2023,8,04.1.04.0180,04.1.04.0180,254973,6762941,19,-71.52106419,-29.23863535,Coquimbo,LA HIGUERA,LA HIGUERA,15.6,21.1,79,0,2.4,Gaviota dominicana,Larus dominicanus,Laridae,Charadriiformes,Aves Silvestres,1,1,1,,,,,Positivo,
238973,Vigilancia,23/02/2023,8,04.1.04.0189,04.1.04.0189,252726,6759250,19,-72,-29,Coquimbo,LA HIGUERA,LA HIGUERA,14,20.7,80,0,2.4,Gaviota dominicana,Larus dominicanus,Laridae,Charadriiformes,Aves Silvestres,1,1,1,,,,H5N1,Positivo,
238965,Vigilancia,23/02/2023,8,07.2.03.0388,07.2.03.0388,719789,6035746,18,-72.56778426,-35.79782199,Maule,PELLUHUE,PELLUHUE,7.6,28.7,73.2,0,0,Gaviota dominicana,Larus dominicanus,Laridae,Charadriiformes,Aves Silvestres,1,1,1,,,,,Positivo,
238910,Denuncia,24/02/2023,8,04.1.04.0181,04.1.04.0181,252726,6759250,19,-71.54498883,-29.27147823,Coquimbo,LA HIGUERA,LA HIGUERA,15.9,21.6,81.8,0,2.4,Gaviota dominicana,Larus dominicanus,Laridae,Charadriiformes,Aves Silvestres,1,1,1,,,,H5N1,Positivo,
238703,Denuncia,26/02/2023,9,08.1.07.0068,08.1.07.0068,678784,5932480,18,-72.9976543,-36.73657984,Bío Bío,PENCO,PENCO,9.7,23.2,60,0,0,Gaviota dominicana,Larus dominicanus,Laridae,Charadriiformes,Aves Silvestres,1,1,1,,,,H5N1,Positivo,
239059,Vigilancia,27/02/2023,9,04.1.02.0457,04.1.02.0457,272111,6682925,19,-71.36162084,-29.96338815,Coquimbo,COQUIMBO,COQUIMBO,16.1,18.9,88.2,0,0,Gaviota dominicana,Larus dominicanus,Laridae,Charadriiformes,Aves Silvestres,1,1,1,,,,,Positivo,
239350,Denuncia,1/03/2023,9,07.1.03.0611,07.1.03.0611,757091,6119067,18,-72.18168863,-35.03839625,Maule,CUREPTO,CUREPTO,7.1,32,65.3,0,0,Gaviota dominicana,Larus dominicanus,Laridae,Charadriiformes,Aves Silvestres,1,1,1,,,,,Positivo,
239349,Vigilancia,1/03/2023,9,07.2.03.0392,07.2.03.0392,713605,6030855,18,-72.6348569,-35.84324725,Maule,PELLUHUE,PELLUHUE,10.1,25.8,68.1,0,0,Gaviota dominicana,Larus dominicanus,Laridae,Charadriiformes,Aves Silvestres,1,1,1,,,,,Positivo,
241437,Vigilancia,12/03/2023,11,04.2.03.0599,04.2.03.0599,263978,6468328,19,-71,-32,Coquimbo,LOS VILOS,LOS VILOS,10.5,22.7,69,0,0.2,Gaviota dominicana,Larus dominicanus,Laridae,Charadriiformes,Aves Silvestres,3,1,1,,,,,Positivo,
242337,Vigilancia,15/03/2023,11,06.2.05.0744,06.2.05.0744,234661,6239182,19,-72,-34,O'Higgins,NAVIDAD,NAVIDAD,4.7,26.3,66.8,0,0.2,Gaviota dominicana,Larus dominicanus,Laridae,Charadriiformes,Aves Silvestres,1,1,1,,,,,Positivo,
243075,Vigilancia,17/03/2023,11,05.1.09.0103,05.1.09.0103,260866,6343349,19,-72,-33,Valparaíso,VIÑA DEL MAR,VIÑA DEL MAR,12.5,26.3,84.2,0,1.2,Gaviota dominicana,Larus dominicanus,Laridae,Charadriiformes,Aves Silvestres,1,1,1,,,,,Positivo,
243067,Vigilancia,18/03/2023,11,05.1.03.0028,05.1.03.0028,265470,6355304,19,-72,-33,Valparaíso,CON CON,CON CON,11.6,25.4,75,0,0,Gaviota dominicana,Larus dominicanus,Laridae,Charadriiformes,Aves Silvestres,1,1,1,,,,,Positivo,
243724,Vigilancia,21/03/2023,12,04.2.03.0599,04.2.03.0599,263978,6468328,19,-71,-32,Coquimbo,LOS VILOS,LOS VILOS,11.7,21.1,76.8,0,0.2,Gaviota dominicana,Larus dominicanus,Laridae,Charadriiformes,Aves Silvestres,1,1,1,,,,,Positivo,
243972,Vigilancia,22/03/2023,12,01.1.01.0036,01.1.01.0036,380999,7760555,19,-70,-20,Tarapacá,IQUIQUE,IQUIQUE,20.3,27.3,60.8,0,0,Gaviota dominicana,Larus dominicanus,Laridae,Charadriiformes,Aves Silvestres,1,1,1,,,,H5N1,Positivo,
244964,Denuncia,23/03/2023,12,04.1.01.0599,04.1.01.0599,279524,6686043,19,-71,-30,Coquimbo,LA SERENA,LA SERENA,15.4,21.3,88,0,0,Gaviota dominicana,Larus dominicanus,Laridae,Charadriiformes,Aves Silvestres,1,1,1,,,,,Positivo,
245034,Vigilancia,25/03/2023,12,04.1.02.0471,04.1.02.0471,278659,6684854,19,-71,-30,Coquimbo,COQUIMBO,COQUIMBO,14.5,20.8,86.1,0,0.4,Gaviota dominicana,Larus dominicanus,Laridae,Charadriiformes,Aves Silvestres,1,1,1,,,,,Positivo,
226615,Denuncia,5/12/2022,49,01.1.01.0036,01.1.01.0036,379885,7763720,19,-70.1498188,-20.22033056,Tarapacá,IQUIQUE,IQUIQUE,15.6,21.7,65.2,0,0,Pelícano,Pelecanus thagus,Pelecanidae,Pelecaniformes,Aves Silvestres,2,2,2,,,,H5N1,Positivo,
226665,Vigilancia,5/12/2022,49,02.1.01.0087,02.1.01.0087,349245,7403802,19,-70.47608114,-23.4688649,Antofagasta,ANTOFAGASTA,ANTOFAGASTA,15.5,20.7,67.8,0,0,Pelícano,Pelecanus thagus,Pelecanidae,Pelecaniformes,Aves Silvestres,1,1,1,,,,H5N1,Positivo,
226666,Denuncia,5/12/2022,49,02.1.02.0085,02.1.02.0085,354443,7399851,19,-70.42558221,-23.50501613,Antofagasta,ANTOFAGASTA,ANTOFAGASTA,15.5,20.7,67.8,0,0,Pelícano,Pelecanus thagus,Pelecanidae,Pelecaniformes,Aves Silvestres,2,4,2,2,,,H5N1,Positivo,
226618,Denuncia,5/12/2022,50,15.1.01.0701,15.1.01.0701,360449,7962941,19,-70.32128936,-18.41906725,Arica,ARICA,ARICA,16.5,21.9,67.5,0,0,Pelícano,Pelecanus thagus,Pelecanidae,Pelecaniformes,Aves Silvestres,1,2,2,,,,H5N1,Positivo,
226958,Vigilancia,6/12/2022,49,02.1.01.0086,02.1.01.0086,354443,7399851,19,-70.42558221,-23.50501613,Antofagasta,ANTOFAGASTA,ANTOFAGASTA,14.2,21,70.5,0,0,Pelícano,Pelecanus thagus,Pelecanidae,Pelecaniformes,Aves Silvestres,2,2,2,,,,H5N1,Positivo,
226955,Denuncia,6/12/2022,49,02.1.02.0073,02.1.02.0073,351862,7444932,19,-70.4464453,-23.09769227,Antofagasta,MEJILLONES,MEJILLONES,16.1,24.9,62.3,0,0,Pelícano,Pelecanus thagus,Pelecanidae,Pelecaniformes,Aves Silvestres,4,4,4,,,,H5N1,Positivo,
226924,Denuncia,6/12/2022,49,15.1.01.0701,15.1.01.0701,360449,7962941,19,-70.32128936,-18.41906725,Arica,ARICA,ARICA,18.7,22.5,66.2,0,0,Pelícano,Pelecanus thagus,Pelecanidae,Pelecaniformes,Aves Silvestres,2,2,2,,,,,Positivo,
227023,Vigilancia,7/12/2022,50,01.1.01.0091 ,01.1.01.0091 ,376434,7703922,19,-70.18699991,-20.76034071,Tarapacá,IQUIQUE,IQUIQUE,17.9,22.7,63.2,0,0,Pelícano,Pelecanus thagus,Pelecanidae,Pelecaniformes,Aves Silvestres,3,1,1,,,,H5N1,Positivo,
227087,Denuncia,7/12/2022,49,15.1.02.0124,15.1.02.0124,366497,7877562,19,-70.26981157,-19.19091189,Arica,CAMARONES,CAMARONES,16.7,24,59.6,0,0,Pelícano,Pelecanus thagus,Pelecanidae,Pelecaniformes,Aves Silvestres,2,2,2,,,,H5N1,Positivo,
227436,Vigilancia,9/12/2022,50,01.1.01.0055,01.1.01.0055,380470,7751434,19,-70.14503413,-20.33136614,Tarapacá,IQUIQUE,IQUIQUE,18.9,23.6,63.8,0,0,Pelícano,Pelecanus thagus,Pelecanidae,Pelecaniformes,Aves Silvestres,1,2,2,,,,,Positivo,
227442,Vigilancia,9/12/2022,49,01.1.01.0056,01.1.01.0056,378796,7807258,19,-70.15735924,-19.8269046,Tarapacá,IQUIQUE,IQUIQUE,18.9,23.6,63.8,0,0,Pelícano,Pelecanus thagus,Pelecanidae,Pelecaniformes,Aves Silvestres,5,1,1,,,,,Positivo,
227826,Denuncia,13/12/2022,50,03.1.02.0061,03.1.02.0061,316457,7000157,19,-70.85154505,-27.10884842,Atacama,CALDERA,CALDERA,14.5,24.2,80.5,0,0,Pelícano,Pelecanus thagus,Pelecanidae,Pelecaniformes,Aves Silvestres,1,2,2,,,,,Positivo,
228246,Vigilancia,15/12/2022,50,02.3.01.0019,02.3.01.0019,377030,7557473,19,-70.19196437,-22.08329022,Antofagasta,TOCOPILLA,TOCOPILLA,15.8,24.3,67.4,0,0,Pelícano,Pelecanus thagus,Pelecanidae,Pelecaniformes,Aves Silvestres,1,2,2,,,,,Positivo,
228318,Vigilancia,16/12/2022,50,02.1.01.0088,02.1.01.0088,357488,7384657,19,-70.39721775,-23.6424894,Antofagasta,ANTOFAGASTA,ANTOFAGASTA,17,23.1,65.4,0,0,Pelícano,Pelecanus thagus,Pelecanidae,Pelecaniformes,Aves Silvestres,1,2,2,,,,,Positivo,
228244,Vigilancia,16/12/2022,51,02.1.01.0090,02.1.01.0090,354421,7400038,19,-70.42577945,-23.50332554,Antofagasta,ANTOFAGASTA,ANTOFAGASTA,17,23.1,65.4,0,0,Pelícano,Pelecanus thagus,Pelecanidae,Pelecaniformes,Aves Silvestres,3,8,7,1,,,,Positivo,
228255,Vigilancia,17/12/2022,51,02.1.04.0058,02.1.04.0058,350331,7189151,19,-70.48803032,-25.40699546,Antofagasta,TALTAL,TALTAL,16.2,21.4,67.2,0,0,Pelícano,Pelecanus thagus,Pelecanidae,Pelecaniformes,Aves Silvestres,1,2,2,,,,,Positivo,
228272,Denuncia,18/12/2022,52,02.1.04.0059,02.1.04.0059,350386,7189055,19,-70.48749428,-25.40786764,Antofagasta,TALTAL,TALTAL,14.9,22.6,61.3,0,0,Pelícano,Pelecanus thagus,Pelecanidae,Pelecaniformes,Aves Silvestres,1,2,2,,,,,Positivo,
228444,Denuncia,19/12/2022,51,03.1.02.0062,03.1.02.0062,322300,7011883,19,-70.79094394,-27.00379629,Atacama,CALDERA,CALDERA,15,24.1,71.2,0,0,Pelícano,Pelecanus thagus,Pelecanidae,Pelecaniformes,Aves Silvestres,1,2,2,,,,,Positivo,
228833,Vigilancia,21/12/2022,52,02.1.02.0046,02.1.02.0046,367992,7486224,19,-70.28546014,-22.72613807,Antofagasta,MEJILLONES,MEJILLONES,16.6,27.1,66.4,0,0,Pelícano,Pelecanus thagus,Pelecanidae,Pelecaniformes,Aves Silvestres,1,2,2,,,,,Positivo,
228853,Denuncia,21/12/2022,51,03.2.01.0010,03.2.01.0010,332542,7060632,19,-70.68126082,-26.56511337,Atacama,CHAÑARAL,CHAÑARAL,15.4,21.1,79.9,0,0,Pelícano,Pelecanus thagus,Pelecanidae,Pelecaniformes,Aves Silvestres,3,2,2,,,,,Positivo,
229061,Vigilancia,22/12/2022,52,02.1.04.0060,02.1.04.0060,350627,7229454,19,-70.48067531,-25.0431786,Antofagasta,TALTAL,TALTAL,13.7,22.2,68.8,0,0,Pelícano,Pelecanus thagus,Pelecanidae,Pelecaniformes,Aves Silvestres,1,2,2,,,,,Positivo,
229447,Denuncia,22/12/2022,52,03.1.02.0067,03.1.02.0067,317266,7002926,19,-70.84297821,-27.08396887,Atacama,CALDERA,CALDERA,15.3,23.3,72.2,0,0,Pelícano,Pelecanus thagus,Pelecanidae,Pelecaniformes,Aves Silvestres,1,2,2,,,,,Positivo,
229445,Denuncia,22/12/2022,52,03.2.01.0011,03.2.01.0011,333332,7105920,19,-70.66745678,-26.15645744,Atacama,CHAÑARAL,CHAÑARAL,16.2,20.5,78,0,0,Pelícano,Pelecanus thagus,Pelecanidae,Pelecaniformes,Aves Silvestres,1,2,1,1,,,,Positivo,
229424,Denuncia,22/12/2022,51,03.2.01.0012,03.2.01.0012,334050,7098731,19,-70.66119611,-26.22142701,Atacama,CHAÑARAL,CHAÑARAL,16.2,20.5,78,0,0,Pelícano,Pelecanus thagus,Pelecanidae,Pelecaniformes,Aves Silvestres,2,4,4,,,,H5N1,Positivo,
229051,Vigilancia,23/12/2022,51,01.2.03.0315,01.2.03.0315,373673,7834300,19,-70.20443992,-19.58225687,Tarapacá,HUARA,HUARA,18.6,24.2,62,0,0,Pelícano,Pelecanus thagus,Pelecanidae,Pelecaniformes,Aves Silvestres,1,1,1,,,,,Positivo,
229293,Denuncia,25/12/2022,52,04.1.01.0524,04.1.01.0524,280010,6687219,19,-71.27893496,-29.92610866,Coquimbo,LA SERENA,LA SERENA,14,18,87.5,0,0.4,Pelícano,Pelecanus thagus,Pelecanidae,Pelecaniformes,Aves Silvestres,1,2,2,,,,,Positivo,
229450,Denuncia,26/12/2022,53,03.1.02.0068,03.1.02.0068,313321,6955981,19,-70.88990981,-27.50704066,Atacama,CALDERA,CALDERA,12.9,25.7,51.8,0,0,Pelícano,Pelecanus thagus,Pelecanidae,Pelecaniformes,Aves Silvestres,1,2,2,,,,,Positivo,
230011,Denuncia,26/12/2022,53,03.2.01.0017,03.2.01.0017,331383,7069809,19,-70.69167825,-26.48215089,Atacama,CHAÑARAL,CHAÑARAL,16.7,22.1,61,0,0,Pelícano,Pelecanus thagus,Pelecanidae,Pelecaniformes,Aves Silvestres,1,2,2,,,,,Positivo,
229294,Denuncia,26/12/2022,52,04.1.02.0460,04.1.02.0460,266295,6657034,19,-71.42754439,-30.1957376,Coquimbo,COQUIMBO,COQUIMBO,15.7,21.1,70.9,0,0,Pelícano,Pelecanus thagus,Pelecanidae,Pelecaniformes,Aves Silvestres,1,2,2,,,,,Positivo,
229774,Vigilancia,28/12/2022,53,02.1.04.0106,02.1.04.0106,334752,7161615,19,-70.64626069,-25.65390594,Antofagasta,TALTAL,TALTAL,12.3,20.5,71.5,0,0,Pelícano,Pelecanus thagus,Pelecanidae,Pelecaniformes,Aves Silvestres,1,2,1,1,,,,Positivo,
229847,Vigilancia,28/12/2022,53,02.1.04.0107,02.1.04.0107,351200,7189958,19,-70.47930402,-25.39979739,Antofagasta,TALTAL,TALTAL,12.3,20.5,71.5,0,0,Pelícano,Pelecanus thagus,Pelecanidae,Pelecaniformes,Aves Silvestres,1,2,1,1,,,,Positivo,
230100,Denuncia,28/12/2022,53,03.1.02.0075,03.1.02.0075,319797,7003813,19,-70.81733289,-27.07629693,Atacama,CALDERA,CALDERA,15.2,23.8,75.2,0,0,Pelícano,Pelecanus thagus,Pelecanidae,Pelecaniformes,Aves Silvestres,1,2,2,,,,,Positivo,
230113,Denuncia,28/12/2022,53,03.1.02.0076,03.1.02.0076,307907,6974863,19,-70.94171194,-27.33591614,Atacama,CALDERA,CALDERA,15.2,23.8,75.2,0,0,Pelícano,Pelecanus thagus,Pelecanidae,Pelecaniformes,Aves Silvestres,1,2,2,,,,,Positivo,
230012,Denuncia,28/12/2022,53,03.2.01.0018,03.2.01.0018,326101,7046079,19,-70.74790188,-26.69567433,Atacama,CHAÑARAL,CHAÑARAL,15.8,20.1,79.9,0,0,Pelícano,Pelecanus thagus,Pelecanidae,Pelecaniformes,Aves Silvestres,1,2,2,,,,,Positivo,
229758,Denuncia,28/12/2022,52,03.3.04.0130,03.3.04.0130,279432,6848832,19,-71.25281157,-28.46848229,Atacama,HUASCO,HUASCO,12.2,24.6,75.3,0,0.1,Pelícano,Pelecanus thagus,Pelecanidae,Pelecaniformes,Aves Silvestres,2,4,4,,,,,Positivo,
229843,Denuncia,28/12/2022,53,05.1.01.0123,05.1.01.0123,258509,6342453,19,-71.58562533,-33.02966567,Valparaíso,VALPARAISO,VALPARAISO,11.5,22.3,76,0,0,Pelícano,Pelecanus thagus,Pelecanidae,Pelecaniformes,Aves Silvestres,1,2,1,1,,,,Positivo,
229753,Denuncia,28/12/2022,53,05.6.02.0096,05.6.02.0096,252783,6314015,19,-71.6545909,-33.28462029,Valparaíso,ALGARROBO,ALGARROBO,13,19.3,87.5,0,0,Pelícano,Pelecanus thagus,Pelecanidae,Pelecaniformes,Aves Silvestres,1,2,2,,,,,Positivo,
230158,Denuncia,30/12/2022,53,03.3.03.0186,03.3.03.0186,259076,6780159,19,-71.47515309,-29.08416475,Atacama,FREIRINA,FREIRINA,13.2,21.6,78,0,0.1,Pelícano,Pelecanus thagus,Pelecanidae,Pelecaniformes,Aves Silvestres,1,2,2,,,,,Positivo,
230259,Vigilancia,1/01/2023,1,07.3.03.0040,07.3.03.0040,757356,6125570,18,-72.18079859,-34.97975966,Maule,LICANTEN,LICANTEN,8.7,25.9,69.1,0,0,Pelícano,Pelecanus thagus,Pelecanidae,Pelecaniformes,Aves Silvestres,1,2,2,,,,H5N1,Positivo,
230310,Denuncia,2/01/2023,1,04.1.02.0467,04.1.02.0467,273515,6682497,19,-71.34717212,-29.96750742,Coquimbo,COQUIMBO,COQUIMBO,14.8,19.2,87.1,0,0,Pelícano,Pelecanus thagus,Pelecanidae,Pelecaniformes,Aves Silvestres,1,2,2,,,,,Positivo,
230193,Denuncia,2/01/2023,1,05.4.05.0695,05.4.05.0695,270678,6391596,19,-71.44328267,-32.58940151,Valparaíso,ZAPALLAR,ZAPALLAR,9.5,18.7,76,0,0,Pelícano,Pelecanus thagus,Pelecanidae,Pelecaniformes,Aves Silvestres,1,2,2,,,,H5N1,Positivo,
230579,Vigilancia,3/01/2023,1,03.2.01.0023,03.2.01.0023,337277,7084359,19,-70.63071696,-26.35151588,Atacama,CHAÑARAL,CHAÑARAL,15.4,18.6,81.9,0,0,Pelícano,Pelecanus thagus,Pelecanidae,Pelecaniformes,Aves Silvestres,1,2,2,,,,,Positivo,
230398,Denuncia,3/01/2023,1,03.3.04.0114,03.3.04.0114,289408,6899046,19,-71.1419079,-28.01717028,Atacama,HUASCO,HUASCO,10.9,23.7,74.1,0,0,Pelícano,Pelecanus thagus,Pelecanidae,Pelecaniformes,Aves Silvestres,1,2,2,,,,,Positivo,
230426,Denuncia,3/01/2023,1,05.4.03.0292,05.4.03.0292,271412,6402514,19,-71.43281214,-32.49115075,Valparaíso,PAPUDO,PAPUDO,9.7,21,73,0,0,Pelícano,Pelecanus thagus,Pelecanidae,Pelecaniformes,Aves Silvestres,1,2,1,1,,,,Positivo,
230633,Denuncia,5/01/2023,1,03.3.04.0118,03.3.04.0118,284419,6852921,19,-71.20114287,-28.43243344,Atacama,HUASCO,HUASCO,11.7,24.4,71,0,0,Pelícano,Pelecanus thagus,Pelecanidae,Pelecaniformes,Aves Silvestres,1,2,2,,,,,Positivo,
230685,Denuncia,5/01/2023,1,05.1.05.0217,05.1.05.0217,270993,6384928,19,-71.44156083,-32.64956351,Valparaíso,PUCHUNCAVI,PUCHUNCAVI,16,22,81,0,0,Pelícano,Pelecanus thagus,Pelecanidae,Pelecaniformes,Aves Silvestres,1,2,2,,,,,Positivo,
230695,Denuncia,5/01/2023,1,06.2.01.0520,06.2.01.0520,775018,6189343,18,-72.00830217,-34.40080811,O'Higgins,PICHILEMU,PICHILEMU,12.4,19.6,82.6,0,0.1,Pelícano,Pelecanus thagus,Pelecanidae,Pelecaniformes,Aves Silvestres,1,2,2,,,,,Positivo,
230802,Denuncia,6/01/2023,1,06.2.05.0742,06.2.05.0742,233512,6237098,19,-71.88432184,-33.97290618,O'Higgins,NAVIDAD,NAVIDAD,8.5,21.7,81,0,0,Pelícano,Pelecanus thagus,Pelecanidae,Pelecaniformes,Aves Silvestres,1,2,2,,,,,Positivo,
231155,Denuncia,9/01/2023,2,07.1.02.0322,07.1.02.0322,733119,6087087,18,-72.43519056,-35.33229492,Maule,CONSTITUCION,CONSTITUCION,13.5,21,82.8,0,0.2,Pelícano,Pelecanus thagus,Pelecanidae,Pelecaniformes,Aves Silvestres,1,2,2,,,,,Positivo,
231694,Denuncia,12/01/2023,2,03.3.04.0133,03.3.04.0133,287623,6880378,19,-71.16342903,-28.18528488,Atacama,HUASCO,HUASCO,12.2,22.8,75.6,0,0,Pelícano,Pelecanus thagus,Pelecanidae,Pelecaniformes,Aves Silvestres,1,4,4,,,,,Positivo,
236802,Denuncia,13/01/2023,2,05.6.06.0447,05.6.06.0447,254373,6268894,19,-71.64989486,-33.69152558,Valparaíso,SANTO DOMINGO,SANTO DOMINGO,13,17.6,82.5,0,0,Pelícano,Pelecanus thagus,Pelecanidae,Pelecaniformes,Aves Silvestres,1,1,1,,,,H5N1,Positivo,
231946,Denuncia,14/01/2023,2,04.1.04.0180,04.1.04.0180,254973,6762941,19,-71.52106419,-29.23863535,Coquimbo,LA HIGUERA,LA HIGUERA,15.4,19.9,76.8,0,0,Pelícano,Pelecanus thagus,Pelecanidae,Pelecaniformes,Aves Silvestres,1,3,2,,,,H5N1,Positivo,
231926,Denuncia,14/01/2023,2,05.1.03.0039,05.1.03.0039,263955,6354627,19,-71.52424009,-32.92115259,Valparaíso,CON CON,CON CON,11.4,21,72,0,0,Pelícano,Pelecanus thagus,Pelecanidae,Pelecaniformes,Aves Silvestres,1,2,1,1,,,,Positivo,
232669,Denuncia,18/01/2023,3,05.6.02.0113,05.6.02.0113,250132,6305430,19,-71.68540309,-33.36135995,Valparaíso,ALGARROBO,ALGARROBO,8.3,18.7,89,0,0,Pelícano,Pelecanus thagus,Pelecanidae,Pelecaniformes,Aves Silvestres,1,2,2,,,,H5N1,Positivo,
232958,Denuncia,19/01/2023,3,05.1.02.0501,05.1.02.0501,248330,6323947,19,-71.69960722,-33.1941031,Valparaíso,CASABLANCA,CASABLANCA,12.6,24.1,71,0,0,Pelícano,Pelecanus thagus,Pelecanidae,Pelecaniformes,Aves Silvestres,1,2,1,1,,,H5N1,Positivo,
233004,Denuncia,19/01/2023,3,05.6.02.0114,05.6.02.0114,249971,6305507,19,-71.6871104,-33.36062876,Valparaíso,ALGARROBO,ALGARROBO,13.5,18.8,88,0,0,Pelícano,Pelecanus thagus,Pelecanidae,Pelecaniformes,Aves Silvestres,1,2,2,,,,H5N1,Positivo,
233091,Denuncia,20/01/2023,3,05.1.05.0211,05.1.05.0211,266576,6378217,19,-71.49029351,-32.70912048,Valparaíso,PUCHUNCAVI,PUCHUNCAVI,16.5,20.6,74,0,0,Pelícano,Pelecanus thagus,Pelecanidae,Pelecaniformes,Aves Silvestres,1,2,2,,,,H5N1,Positivo,
233089,Vigilancia,20/01/2023,3,05.1.05.0226,05.1.05.0226,271587,6385478,19,-71.43509841,-32.64472951,Valparaíso,PUCHUNCAVI,PUCHUNCAVI,16.5,20.6,74,0,0,Pelícano,Pelecanus thagus,Pelecanidae,Pelecaniformes,Aves Silvestres,1,2,1,1,,,H5N1,Positivo,
233143,Vigilancia,20/01/2023,3,05.6.02.0115,05.6.02.0115,253262,6307888,19,-71.65112378,-33.33993578,Valparaíso,ALGARROBO,ALGARROBO,15.6,21.6,83,0,0,Pelícano,Pelecanus thagus,Pelecanidae,Pelecaniformes,Aves Silvestres,1,2,1,1,,,H5N1,Positivo,
233418,Denuncia,20/01/2023,3,05.6.03.0159,05.6.03.0159,249971,6305507,19,-71.6871104,-33.36062876,Valparaíso,CARTAGENA,CARTAGENA,15.6,21.6,83,0,0,Pelícano,Pelecanus thagus,Pelecanidae,Pelecaniformes,Aves Silvestres,1,4,4,,,,H5N1,Positivo,
233053,Denuncia,20/01/2023,3,06.2.01.0516,06.2.01.0516,234602,6237182,19,-71.87251183,-33.9724254,O'Higgins,PICHILEMU,PICHILEMU,12.8,21.1,72.5,0,0.1,Pelícano,Pelecanus thagus,Pelecanidae,Pelecaniformes,Aves Silvestres,1,1,1,,,,,Positivo,
233442,Denuncia,20/01/2023,3,07.2.03.0388,07.2.03.0388,716817,6052951,18,-72.60529187,-35.64349226,Maule,PELLUHUE,PELLUHUE,9.7,21.1,73.2,0,0,Pelícano,Pelecanus thagus,Pelecanidae,Pelecaniformes,Aves Silvestres,1,1,1,,,,,Positivo,
233447,Vigilancia,21/01/2023,3,05.4.04.1201,05.4.04.1201,269975,6400864,19,-71.44849695,-32.50572542,Valparaíso,PETORCA,PETORCA,9.3,28.8,55,0,0,Pelícano,Pelecanus thagus,Pelecanidae,Pelecaniformes,Aves Silvestres,1,2,1,1,,,H5N1,Positivo,
233453,Vigilancia,21/01/2023,3,05.4.05.0705,05.4.05.0705,269537,6392804,19,-71.45513276,-32.57827728,Valparaíso,ZAPALLAR,ZAPALLAR,10.6,20.5,80,0,0,Pelícano,Pelecanus thagus,Pelecanidae,Pelecaniformes,Aves Silvestres,1,2,2,,,,H5N1,Positivo,
233456,Denuncia,21/01/2023,3,05.6.01.0312,05.6.01.0312,259027,6280789,19,-71.59651086,-33.58541624,Valparaíso,SAN ANTONIO,SAN ANTONIO,9.4,19,83,0,0,Pelícano,Pelecanus thagus,Pelecanidae,Pelecaniformes,Aves Silvestres,1,2,2,,,,,Positivo,
233222,Vigilancia,22/01/2023,4,05.1.03.0044,05.1.03.0044,261654,6350575,19,-71.54987412,-32.95716798,Valparaíso,CON CON,CON CON,11.5,20.4,76,0,0,Pelícano,Pelecanus thagus,Pelecanidae,Pelecaniformes,Aves Silvestres,1,2,1,1,,,H5N1,Positivo,
233219,Vigilancia,22/01/2023,4,05.1.07.0153,05.1.07.0153,265592,6357370,19,-71.5060518,-32.89678531,Valparaíso,QUINTERO,QUINTERO,11.6,21.1,81.6,0,0,Pelícano,Pelecanus thagus,Pelecanidae,Pelecaniformes,Aves Silvestres,1,2,1,1,,,H5N1,Positivo,
233220,Vigilancia,22/01/2023,4,05.6.03.0158,05.6.03.0158,258038,6284733,19,-71.60608928,-33.54965605,Valparaíso,CARTAGENA,CARTAGENA,13,18.8,85,0,0,Pelícano,Pelecanus thagus,Pelecanidae,Pelecaniformes,Aves Silvestres,2,2,1,1,,,H5N1,Positivo,
233970,Denuncia,23/01/2023,4,04.1.02.0457,04.1.02.0457,272111,6682925,19,-71.36162084,-29.96338815,Coquimbo,COQUIMBO,COQUIMBO,15.9,20.5,85.2,0,0,Pelícano,Pelecanus thagus,Pelecanidae,Pelecaniformes,Aves Silvestres,1,2,2,,,,H5N1,Positivo,
233565,Vigilancia,23/01/2023,4,04.2.03.0592,04.2.03.0592,264023,6468520,19,-71.49509295,-31.8947008,Coquimbo,LOS VILOS,LOS VILOS,13.1,22.3,71.1,0,0,Pelícano,Pelecanus thagus,Pelecanidae,Pelecaniformes,Aves Silvestres,1,1,1,,,,,Positivo,
233444,Vigilancia,23/01/2023,4,05.1.09.0081,05.1.09.0081,261546,6343053,19,-71.55298058,-33.02492826,Valparaíso,VIÑA DEL MAR,VIÑA DEL MAR,13.2,20.8,86.2,0,0,Pelícano,Pelecanus thagus,Pelecanidae,Pelecaniformes,Aves Silvestres,1,2,2,,,,H5N1,Positivo,
233450,Vigilancia,23/01/2023,4,05.4.05.0708,05.4.05.0708,273088,6387154,19,-71.41870195,-32.62993331,Valparaíso,ZAPALLAR,ZAPALLAR,14.4,21.7,81,0,0,Pelícano,Pelecanus thagus,Pelecanidae,Pelecaniformes,Aves Silvestres,1,2,1,1,,,H5N1,Positivo,
233513,Denuncia,23/01/2023,4,07.3.03.0216,07.3.03.0216,758908,6136036,18,-72.16706077,-34.88510208,Maule,LICANTEN,LICANTEN,8.8,30.2,67.2,0,0,Pelícano,Pelecanus thagus,Pelecanidae,Pelecaniformes,Aves Silvestres,1,4,2,2,,,H5N1,Positivo,
233623,Vigilancia,24/01/2023,4,05.1.09.0082,05.1.09.0082,262098,6343494,19,-71.54696136,-33.02107497,Valparaíso,VIÑA DEL MAR,VIÑA DEL MAR,11.8,29.6,64.2,0,0,Pelícano,Pelecanus thagus,Pelecanidae,Pelecaniformes,Aves Silvestres,1,2,2,,,,H5N1,Positivo,
233630,Vigilancia,24/01/2023,4,05.4.01.1542,05.4.01.1542,263647,6430666,19,-71.50836613,-32.2358038,Valparaíso,LA LIGUA,LA LIGUA,16.3,26,72,0,0,Pelícano,Pelecanus thagus,Pelecanidae,Pelecaniformes,Aves Silvestres,1,2,1,1,,,H5N1,Positivo,
233952,Vigilancia,24/01/2023,4,05.4.05.0113,05.4.05.0113,270657,6392583,19,-71.44326478,-32.58050158,Valparaíso,ZAPALLAR,ZAPALLAR,14.7,21.7,72,0,0,Pelícano,Pelecanus thagus,Pelecanidae,Pelecaniformes,Aves Silvestres,1,1,1,,,,H5N1,Positivo,
233663,Denuncia,24/01/2023,4,06.2.01.0516,06.2.01.0516,225043,6209492,19,-71.98460112,-34.21935909,O'Higgins,PICHILEMU,PICHILEMU,13.2,23.6,77.8,0,0.1,Pelícano,Pelecanus thagus,Pelecanidae,Pelecaniformes,Aves Silvestres,1,2,2,,,,H5N1,Positivo,
233721,Denuncia,24/01/2023,4,06.2.05.0744,06.2.05.0744,234661,6239182,19,-71.87126808,-33.95442508,O'Higgins,NAVIDAD,NAVIDAD,11.9,27.1,72.8,0,0,Pelícano,Pelecanus thagus,Pelecanidae,Pelecaniformes,Aves Silvestres,1,2,1,1,,,H5N1,Positivo,
234040,Vigilancia,25/01/2023,4,05.6.02.0114,05.6.02.0114,249971,6305507,19,-71.6871104,-33.36062876,Valparaíso,ALGARROBO,ALGARROBO,12.8,19.1,79,0,0,Pelícano,Pelecanus thagus,Pelecanidae,Pelecaniformes,Aves Silvestres,3,15,11,,,,H5N1,Positivo,
234051,Vigilancia,25/01/2023,4,05.6.02.0114,05.6.02.0114,249971,6305507,19,-72,-33,Valparaíso,ALGARROBO,ALGARROBO,12.8,19.1,79,0,0,Pelícano,Pelecanus thagus,Pelecanidae,Pelecaniformes,Aves Silvestres,2,10,10,,,,H5N1,Positivo,
233893,Denuncia,25/01/2023,4,06.2.01.0577,06.2.01.0577,226339,6200238,19,-71.97348397,-34.30304545,O'Higgins,PICHILEMU,PICHILEMU,9,21.8,73.7,0,0.1,Pelícano,Pelecanus thagus,Pelecanidae,Pelecaniformes,Aves Silvestres,1,2,2,,,,H5N1,Positivo,
233949,Denuncia,25/01/2023,4,06.2.05.0788,06.2.05.0788,236393,6240868,19,-71.85203929,-33.93967357,O'Higgins,NAVIDAD,NAVIDAD,8.5,24.4,69.1,0,0,Pelícano,Pelecanus thagus,Pelecanidae,Pelecaniformes,Aves Silvestres,1,2,1,1,,,H5N1,Positivo,
233958,Denuncia,25/01/2023,4,06.2.05.0789,06.2.05.0789,230752,6231350,19,-71.91593081,-34.0239761,O'Higgins,NAVIDAD,NAVIDAD,8.5,24.4,69.1,0,0,Pelícano,Pelecanus thagus,Pelecanidae,Pelecaniformes,Aves Silvestres,1,2,2,,,,H5N1,Positivo,
233947,Denuncia,26/01/2023,4,16.2.07.0064,16.2.07.0064,691313,5971476,18,-73,-36,Ñuble,TREHUACO,TREHUACO,6.3,26.1,67,0,3.4,Pelícano,Pelecanus thagus,Pelecanidae,Pelecaniformes,Aves Silvestres,1,2,2,,,,H5N1,Positivo,
234122,Vigilancia,27/01/2023,4,06.2.01.0521,06.2.01.0521,772432,6186780,18,-72,-34,O'Higgins,PICHILEMU,PICHILEMU,7.4,23.4,72.5,0,0.1,Pelícano,Pelecanus thagus,Pelecanidae,Pelecaniformes,Aves Silvestres,1,2,2,,,,H5N1,Positivo,
234065,Vigilancia,27/01/2023,4,16.2.02.2573,16.2.02.2573,696517,5982461,18,-73,-36,Ñuble,COBQUECURA,COBQUECURA,8.4,23.8,68.6,0,6.9,Pelícano,Pelecanus thagus,Pelecanidae,Pelecaniformes,Aves Silvestres,1,2,2,,,,H5N1,Positivo,
234197,Denuncia,28/01/2023,4,06.2.01.0580,06.2.01.0580,226280,6202250,19,-71.97348521,-34.28490921,O'Higgins,PICHILEMU,PICHILEMU,6.4,23.4,71.7,0,0.1,Pelícano,Pelecanus thagus,Pelecanidae,Pelecaniformes,Aves Silvestres,2,2,2,,,,H5N1,Positivo,
234167,Denuncia,28/01/2023,4,06.2.03.0401,06.2.03.0401,228216,6225552,19,-71.94517049,-34.07554405,O'Higgins,LITUECHE,LITUECHE,,,,,,Pelícano,Pelecanus thagus,Pelecanidae,Pelecaniformes,Aves Silvestres,1,2,1,1,,,H5N1,Positivo,
234166,Denuncia,28/01/2023,4,06.2.05.0755,06.2.05.0755,236625,6242737,19,-71.84897082,-33.92289603,O'Higgins,NAVIDAD,NAVIDAD,5.3,27.2,68.5,0,0,Pelícano,Pelecanus thagus,Pelecanidae,Pelecaniformes,Aves Silvestres,1,2,1,1,,,H5N1,Positivo,
234536,Denuncia,30/01/2023,5,05.4.01.1543,05.4.01.1543,268484,6418631,19,-71.46000214,-32.34528434,Valparaíso,LA LIGUA,LA LIGUA,15.1,26.3,78,0,0,Pelícano,Pelecanus thagus,Pelecanidae,Pelecaniformes,Aves Silvestres,1,2,2,,,,H5N1,Positivo,
234935,Vigilancia,31/01/2023,5,03.3.03.0196,03.3.03.0196,259776,6776896,19,-71.46866943,-29.11372106,Atacama,FREIRINA,FREIRINA,12.7,23.9,75.2,0,0,Pelícano,Pelecanus thagus,Pelecanidae,Pelecaniformes,Aves Silvestres,1,2,1,1,,,H5N1,Positivo,
234620,Vigilancia,31/01/2023,5,04.1.02.0478,04.1.02.0478,274615,6684678,18,-77.33532025,-29.94804362,Coquimbo,COQUIMBO,COQUIMBO,16.2,21,84.5,0,0,Pelícano,Pelecanus thagus,Pelecanidae,Pelecaniformes,Aves Silvestres,1,2,1,1,,,H5N1,Positivo,
234898,Denuncia,1/02/2023,5,06.2.01.0521,06.2.01.0521,772432,6186780,18,-72,-34,O'Higgins,PICHILEMU,PICHILEMU,10.7,22.4,79.6,0,0,Pelícano,Pelecanus thagus,Pelecanidae,Pelecaniformes,Aves Silvestres,2,2,2,,,,H5N1,Positivo,
235876,Vigilancia,2/02/2023,5,15.1.01.0996,15.1.01.0996,362096,7957144,19,-70.3060942,-18.47155594,Arica,ARICA,ARICA,20.9,26.3,64,0,0,Pelícano,Pelecanus thagus,Pelecanidae,Pelecaniformes,Aves Silvestres,1,1,1,,,,H5N1,Positivo,
235206,Denuncia,4/02/2023,5,08.1.12.0079,08.1.12.0079,666847,5924905,18,-73.12962176,-36.80700431,Bío Bío,HUALPEN,HUALPEN,10.8,28.8,56,0,0,Pelícano,Pelecanus thagus,Pelecanidae,Pelecaniformes,Aves Silvestres,1,1,1,,,,H5N1,Positivo,
235399,Denuncia,6/02/2023,6,08.1.11.0719,08.1.11.0719,689793,5964483,18,-73,-36,Bío Bío,TOME,TOME,12.3,25.9,69.8,0,0,Pelícano,Pelecanus thagus,Pelecanidae,Pelecaniformes,Aves Silvestres,1,1,1,,,,H5N1,Positivo,
235498,Denuncia,6/02/2023,6,08.1.11.0720,08.1.11.0720,685146,5955903,18,-72.93209083,-36.52434005,Bío Bío,TOME,TOME,12.3,25.9,69.8,0,0,Pelícano,Pelecanus thagus,Pelecanidae,Pelecaniformes,Aves Silvestres,1,1,1,,,,H5N1,Positivo,
236316,Vigilancia,9/02/2023,6,01.1.01.0081,01.1.01.0081,379087,7765855,19,-70.15731399,-20.20099146,Tarapacá,IQUIQUE,IQUIQUE,19.9,27,64,0,0,Pelícano,Pelecanus thagus,Pelecanidae,Pelecaniformes,Aves Silvestres,1,1,1,,,,H5N1,Positivo,
236150,Vigilancia,9/02/2023,6,04.2.03.0598,04.2.03.0598,261231,6442259,19,-71.53109087,-32.13080803,Coquimbo,LOS VILOS,LOS VILOS,15,22,78.5,0,0,Pelícano,Pelecanus thagus,Pelecanidae,Pelecaniformes,Aves Silvestres,1,1,1,,,,H5N1,Positivo,
235973,Denuncia,9/02/2023,6,16.2.02.2574,16.2.02.2574,697504,5999240,18,-72.80513492,-36.13145402,Ñuble,COBQUECURA,COBQUECURA,7.9,27.8,71.6,0,0,Pelícano,Pelecanus thagus,Pelecanidae,Pelecaniformes,Aves Silvestres,1,1,1,,,,H5N1,Positivo,
236068,Denuncia,10/02/2023,6,16.2.02.2574,16.2.02.2574,697504,5999240,18,-72.80513492,-36.13145402,Ñuble,COBQUECURA,COBQUECURA,10.8,27.1,70,0,0,Pelícano,Pelecanus thagus,Pelecanidae,Pelecaniformes,Aves Silvestres,1,1,1,,,,H5N1,Positivo,
236178,Denuncia,11/02/2023,6,08.1.06.0023,08.1.06.0023,664128,5890677,18,-73.15264992,-37.11586745,Bío Bío,LOTA,LOTA,12.1,23.9,72,0,0,Pelícano,Pelecanus thagus,Pelecanidae,Pelecaniformes,Aves Silvestres,1,1,1,,,,H5N1,Positivo,
236490,Denuncia,11/02/2023,6,16.2.02.2576,16.2.02.2576,695721,5992071,18,-72.82315063,-36.19640218,Ñuble,COBQUECURA,COBQUECURA,8,25.2,70,0,0,Pelícano,Pelecanus thagus,Pelecanidae,Pelecaniformes,Aves Silvestres,1,2,2,,,,H5N1,Positivo,
236985,Vigilancia,13/02/2023,7,04.2.03.0599,04.2.03.0599,263978,6468328,19,-71,-32,Coquimbo,LOS VILOS,LOS VILOS,11,24.4,68.2,0,0,Pelícano,Pelecanus thagus,Pelecanidae,Pelecaniformes,Aves Silvestres,2,2,2,,,,,Positivo,
236574,Vigilancia,13/02/2023,7,08.1.11.0755,08.1.11.0755,680811,5948556,18,-73,-37,Bío Bío,TOME,TOME,13,22.3,69.8,0,0.4,Pelícano,Pelecanus thagus,Pelecanidae,Pelecaniformes,Aves Silvestres,1,1,1,,,,H5N1,Positivo,
236981,Vigilancia,14/02/2023,7,02.3.01.0069,02.3.01.0069,376515,7557078,19,-70.19698558,-22.08682159,Antofagasta,TOCOPILLA,TOCOPILLA,18.3,30,65.1,0,0,Pelícano,Pelecanus thagus,Pelecanidae,Pelecaniformes,Aves Silvestres,1,1,1,,,,,Positivo,
237454,Vigilancia,15/02/2023,7,03.1.02.0062,03.1.02.0062,322300,7011883,19,-70.79094394,-27.00379629,Atacama,CALDERA,CALDERA,16.1,22.9,86,0,0.3,Pelícano,Pelecanus thagus,Pelecanidae,Pelecaniformes,Aves Silvestres,1,1,1,,,,,Positivo,
236989,Vigilancia,15/02/2023,7,04.2.03.0599,04.2.03.0599,263978,6468328,19,-71.49561508,-31.89642203,Coquimbo,LOS VILOS,LOS VILOS,9.5,21.2,71.4,0,0,Pelícano,Pelecanus thagus,Pelecanidae,Pelecaniformes,Aves Silvestres,1,1,1,,,,H5N1,Positivo,
237019,Denuncia,15/02/2023,7,16.2.02.2582,16.2.02.2582,700157,6010386,18,-72.7784998,-36.03049574,Ñuble,COBQUECURA,COBQUECURA,9.5,26.8,66.2,0,0,Pelícano,Pelecanus thagus,Pelecanidae,Pelecaniformes,Aves Silvestres,2,1,1,,,,H5N1,Positivo,
237539,Vigilancia,16/02/2023,7,04.1.02.0559,04.1.02.0559,249103,6645743,19,-71.60866086,-30.29409848,Coquimbo,COQUIMBO,COQUIMBO,15.3,20.5,87.7,0,0,Pelícano,Pelecanus thagus,Pelecanidae,Pelecaniformes,Aves Silvestres,1,1,1,,,,H5N1,Positivo,
237143,Vigilancia,16/02/2023,7,07.2.03.0394,07.2.03.0394,719017,6034176,18,-72.5758905,-35.81213726,Maule,PELLUHUE,PELLUHUE,10.2,22.7,52.5,0,0,Pelícano,Pelecanus thagus,Pelecanidae,Pelecaniformes,Aves Silvestres,1,1,1,,,,,Positivo,
239974,Vigilancia,4/03/2023,9,05.4.05.0703,05.4.05.0703,271923,6387628,19,-71.43099474,-32.6254215,Valparaíso,ZAPALLAR,ZAPALLAR,14.2,17.7,90,0,0,Pelícano,Pelecanus thagus,Pelecanidae,Pelecaniformes,Aves Silvestres,1,1,1,,,,,Positivo,
243174,Vigilancia,19/03/2023,12,04.2.03.0599,04.2.03.0599,263978,6468328,19,-71,-32,Coquimbo,LOS VILOS,LOS VILOS,9.8,22.1,77.6,0,0.2,Pelícano,Pelecanus thagus,Pelecanidae,Pelecaniformes,Aves Silvestres,1,1,1,,,,,Positivo,
243182,Vigilancia,19/03/2023,12,04.2.03.0599,04.2.03.0599,263978,6468328,19,-71,-32,Coquimbo,LOS VILOS,LOS VILOS,9.8,22.1,77.6,0,0.2,Pelícano,Pelecanus thagus,Pelecanidae,Pelecaniformes,Aves Silvestres,1,1,1,,,,,Positivo,
244161,Vigilancia,22/03/2023,12,04.1.02.0645,04.1.02.0645,252776,6644825,19,-72,-30,Coquimbo,COQUIMBO,COQUIMBO,15.9,18.2,92.3,0,0.4,Pelícano,Pelecanus thagus,Pelecanidae,Pelecaniformes,Aves Silvestres,1,1,1,,,,,Positivo,
245535,Vigilancia,29/03/2023,13,07.1.02.0349,07.1.02.0349,722233,6067508,18,-73,-36,Maule,CONSTITUCION,CONSTITUCION,5.9,17.8,82.5,0.2,2.9,Pelícano,Pelecanus thagus,Pelecanidae,Pelecaniformes,Aves Silvestres,1,1,1,,,,H5N1,Positivo,
246488,Vigilancia,30/03/2023,13,04.2.03.0599,04.2.03.0599,263978,6468328,19,-71,-32,Coquimbo,LOS VILOS,LOS VILOS,7.5,22.4,64.9,0,0.2,Pelícano,Pelecanus thagus,Pelecanidae,Pelecaniformes,Aves Silvestres,1,1,1,,,,,Positivo,
246019,Vigilancia,31/03/2023,13,07.1.02.0322,07.1.02.0322,733119,6087087,18,-72,-35,Maule,CONSTITUCION,CONSTITUCION,7,23.5,64.1,0,3,Pelícano,Pelecanus thagus,Pelecanidae,Pelecaniformes,Aves Silvestres,1,1,1,,,,,Positivo,
227079,Denuncia,7/12/2022,49,15.1.01.0995,15.1.01.0995,358950,7926315,19,-70.33806026,-18.74990641,Arica,ARICA,ARICA,18,24.2,62.8,0,0,Piquero,Sula variegata,Sulidae,Suliformes,Aves Silvestres,1,2,2,,,,H5N1,Positivo,
227515,Vigilancia,9/12/2022,50,15.1.01.0701,15.1.01.0701,360449,7962941,19,-70.32128936,-18.41906725,Arica,ARICA,ARICA,19.5,23.1,62,0,0,Piquero,Sula variegata,Sulidae,Suliformes,Aves Silvestres,1,1,1,,,,H5N1,Positivo,
227423,Vigilancia,10/12/2022,50,02.1.01.0085,02.1.01.0085,354423,7400134,19,-70.42575054,-23.50245883,Antofagasta,ANTOFAGASTA,ANTOFAGASTA,16.4,24.4,67.5,0,0,Piquero,Sula variegata,Sulidae,Suliformes,Aves Silvestres,1,2,2,,,,H5N1,Positivo,
227428,Vigilancia,10/12/2022,50,02.1.02.0025,02.1.02.0025,367746,7465156,19,-70.28964614,-22.91639136,Antofagasta,MEJILLONES,MEJILLONES,17.9,26.6,51.8,0,0,Piquero,Sula variegata,Sulidae,Suliformes,Aves Silvestres,1,2,2,,,,H5N1,Positivo,
228245,Vigilancia,15/12/2022,50,02.1.02.0046,02.1.02.0046,367992,7486224,19,-70.28546014,-22.72613807,Antofagasta,MEJILLONES,MEJILLONES,15.8,24.3,67.4,0,0,Piquero,Sula variegata,Sulidae,Suliformes,Aves Silvestres,1,2,2,,,,,Positivo,
228318,Vigilancia,16/12/2022,50,02.1.01.0088,02.1.01.0088,357488,7384657,19,-70.39721775,-23.6424894,Antofagasta,ANTOFAGASTA,ANTOFAGASTA,17,23.1,65.4,0,0,Piquero,Sula variegata,Sulidae,Suliformes,Aves Silvestres,1,2,1,1,,,,Positivo,
228261,Vigilancia,17/12/2022,51,01.1.01.0069,01.1.01.0069,382032,7756232,19,-70.12975863,-20.28811547,Tarapacá,IQUIQUE,IQUIQUE,19.7,25.3,58.2,0,0,Piquero,Sula variegata,Sulidae,Suliformes,Aves Silvestres,1,2,1,1,,,H5N1,Positivo,
229449,Denuncia,22/12/2022,51,03.1.02.0066,03.1.02.0066,321197,7009944,19,-70.80233525,-27.02115226,Atacama,CALDERA,CALDERA,15.3,23.3,72.2,0,0,Guanay,Leucocarbo bougainvilliorum,Phalacrocoracidae,Suliformes,Aves Silvestres,1,2,1,1,,,H5N1,Positivo,
230579,Vigilancia,3/01/2023,1,03.2.01.0023,03.2.01.0023,337277,7084359,19,-70.63071696,-26.35151588,Atacama,CHAÑARAL,CHAÑARAL,15.4,18.6,81.9,0,0,Piquero,Sula variegata,Sulidae,Suliformes,Aves Silvestres,1,2,2,,,,,Positivo,
234902,Vigilancia,27/01/2023,4,02.1.01.0088,02.1.01.0088,357488,7384657,19,-70,-24,Antofagasta,ANTOFAGASTA,ANTOFAGASTA,16.7,23.9,73.6,0,0,Guanay,Leucocarbo bougainvilliorum,Phalacrocoracidae,Suliformes,Aves Silvestres,1,1,1,,,,H5N1,Positivo,
234794,Vigilancia,31/01/2023,5,01.1.01.0069,01.1.01.0069,382032,7756232,19,-70.12975863,-20.28811547,Tarapacá,IQUIQUE,IQUIQUE,20.9,26.6,66.5,0,0,Guanay,Leucocarbo bougainvilliorum,Phalacrocoracidae,Suliformes,Aves Silvestres,1,1,1,,,,H5N1,Positivo,
234887,Denuncia,31/01/2023,5,06.2.05.0788,06.2.05.0788,236393,6240868,19,-71.85203929,-33.93967357,O'Higgins,NAVIDAD,NAVIDAD,7.4,19.3,86.9,0,0,Piquero,Sula variegata,Sulidae,Suliformes,Aves Silvestres,2,2,2,,,,H5N1,Positivo,
234920,Vigilancia,31/01/2023,5,15.1.01.0701,15.1.01.0701,360449,7962941,19,-70,-18,Arica,ARICA,ARICA,21.8,27.2,66,0.2,0.2,Guanay,Leucocarbo bougainvilliorum,Phalacrocoracidae,Suliformes,Aves Silvestres,1,2,1,1,,,,Positivo,
234929,Vigilancia,31/01/2023,5,15.1.01.0701,15.1.01.0701,360449,7962941,19,-70,-18,Arica,ARICA,ARICA,21.8,27.2,66,0.2,0.2,Guanay,Leucocarbo bougainvilliorum,Phalacrocoracidae,Suliformes,Aves Silvestres,1,1,1,,,,H5N1,Positivo,
234906,Vigilancia,31/01/2023,5,15.1.01.1005,15.1.01.1005,360671,7951676,19,-70.31996629,-18.52086999,Arica,ARICA,ARICA,20.9,27.5,68,0,0,Piquero,Sula variegata,Sulidae,Suliformes,Aves Silvestres,1,2,2,,,,H5N1,Positivo,
234908,Vigilancia,1/02/2023,5,15.1.02.0124,15.1.02.0124,366497,7877562,19,-70.26981157,-19.19091189,Arica,CAMARONES,CAMARONES,21.7,29.3,55.4,0,0,Piquero,Sula variegata,Sulidae,Suliformes,Aves Silvestres,1,2,1,1,,,,Positivo,
235876,Vigilancia,2/02/2023,5,15.1.01.0996,15.1.01.0996,362096,7957144,19,-70.3060942,-18.47155594,Arica,ARICA,ARICA,20.9,26.3,64,0,0,Guanay,Leucocarbo bougainvilliorum,Phalacrocoracidae,Suliformes,Aves Silvestres,1,1,1,,,,,Positivo,
235246,Vigilancia,3/02/2023,5,03.3.04.0147,03.3.04.0147,286384,6870582,19,-71.17783689,-28.27344924,Atacama,HUASCO,HUASCO,13.6,23.1,76.8,0,0,Guanay,Leucocarbo bougainvilliorum,Phalacrocoracidae,Suliformes,Aves Silvestres,1,2,2,,,,H5N1,Positivo,
235897,Vigilancia,3/02/2023,5,15.1.01.1005,15.1.01.1005,360671,7951676,19,-70.31996629,-18.52086999,Arica,ARICA,ARICA,21,26.1,68,0,0,Piquero,Sula variegata,Sulidae,Suliformes,Aves Silvestres,1,1,1,,,,H5N1,Positivo,
235897,Vigilancia,3/02/2023,5,15.1.01.1005,15.1.01.1005,360671,7951676,19,-70.31996629,-18.52086999,Arica,ARICA,ARICA,21,26.1,68,0,0,Guanay,Leucocarbo bougainvilliorum,Phalacrocoracidae,Suliformes,Aves Silvestres,1,1,1,,,,,Positivo,
235233,Vigilancia,4/02/2023,5,01.1.01.0059,01.1.01.0059,380771,7765756,19,-70.14120458,-20.20199129,Tarapacá,IQUIQUE,IQUIQUE,21.4,28.6,59.8,0,0,Piquero,Sula variegata,Sulidae,Suliformes,Aves Silvestres,1,1,1,,,,,Positivo,
235519,Vigilancia,4/02/2023,5,03.2.01.0012,03.2.01.0012,334050,7098731,19,-70.66119611,-26.22142701,Atacama,CHAÑARAL,CHAÑARAL,17.9,23.9,72.8,0,0.3,Piquero,Sula variegata,Sulidae,Suliformes,Aves Silvestres,1,1,1,,,,H5N1,Positivo,
235896,Vigilancia,4/02/2023,5,15.1.01.0995,15.1.01.0995,358950,7926315,19,-70.33806026,-18.74990641,Arica,ARICA,ARICA,21.5,30.4,60.9,0,0,Piquero,Sula variegata,Sulidae,Suliformes,Aves Silvestres,5,1,1,,,,,Positivo,
235898,Vigilancia,4/02/2023,5,15.1.02.0124,15.1.02.0124,366497,7877562,19,-70.26981157,-19.19091189,Arica,CAMARONES,CAMARONES,20.2,28.5,59.9,0,0,Guanay,Leucocarbo bougainvilliorum,Phalacrocoracidae,Suliformes,Aves Silvestres,5,1,1,,,,,Positivo,
235374,Vigilancia,5/02/2023,6,01.1.01.0073,01.1.01.0073,379592,7761943,19,-70.15274149,-20.23636668,Tarapacá,IQUIQUE,IQUIQUE,21.5,28.7,58.8,0,0,Guanay,Leucocarbo bougainvilliorum,Phalacrocoracidae,Suliformes,Aves Silvestres,1,1,1,,,,H5N1,Positivo,
235520,Vigilancia,5/02/2023,6,03.2.01.0066,03.2.01.0066,338098,7084719,19,-70.62244667,-26.34836,Atacama,CHAÑARAL,CHAÑARAL,18.7,23.6,70.3,0,0.3,Guanay,Leucocarbo bougainvilliorum,Phalacrocoracidae,Suliformes,Aves Silvestres,1,1,1,,,,H5N1,Positivo,
235900,Vigilancia,5/02/2023,6,15.1.01.1005,15.1.01.1005,360671,7951676,19,-70.31996629,-18.52086999,Arica,ARICA,ARICA,22.3,27.2,67,0,0,Piquero,Sula variegata,Sulidae,Suliformes,Aves Silvestres,1,1,1,,,,H5N1,Positivo,
235564,Vigilancia,6/02/2023,6,01.1.01.0069,01.1.01.0069,382032,7756232,19,-70.12975863,-20.28811547,Tarapacá,IQUIQUE,IQUIQUE,20.3,28.5,63.2,0,0,Guanay,Leucocarbo bougainvilliorum,Phalacrocoracidae,Suliformes,Aves Silvestres,1,1,1,,,,H5N1,Positivo,
236025,Vigilancia,6/02/2023,6,02.1.02.0076,02.1.02.0076,345935,7452065,19,-70.50358642,-23.03273873,Antofagasta,MEJILLONES,MEJILLONES,20.2,29.5,65,0,0,Guanay,Leucocarbo bougainvilliorum,Phalacrocoracidae,Suliformes,Aves Silvestres,1,1,1,,,,H5N1,Positivo,
235534,Vigilancia,6/02/2023,6,03.1.02.0061,03.1.02.0061,316457,7000157,19,-70.85154505,-27.10884842,Atacama,CALDERA,CALDERA,17.3,25.1,77,0,0,Piquero,Sula variegata,Sulidae,Suliformes,Aves Silvestres,1,1,1,,,,H5N1,Positivo,
235531,Vigilancia,6/02/2023,6,03.2.01.0010,03.2.01.0010,332542,7060632,19,-70.68126082,-26.56511337,Atacama,CHAÑARAL,CHAÑARAL,17.8,21.6,81.8,0,0.3,Piquero,Sula variegata,Sulidae,Suliformes,Aves Silvestres,1,1,1,,,,H5N1,Positivo,
235902,Vigilancia,6/02/2023,6,15.1.02.0124,15.1.02.0124,366497,7877562,19,-70.26981157,-19.19091189,Arica,CAMARONES,CAMARONES,21,28.4,57.4,0,0,Guanay,Leucocarbo bougainvilliorum,Phalacrocoracidae,Suliformes,Aves Silvestres,1,1,1,,,,H5N1,Positivo,
235954,Vigilancia,7/02/2023,6,03.2.01.0067,03.2.01.0067,337950,7084807,19,-70.62391824,-26.34754893,Atacama,CHAÑARAL,CHAÑARAL,18.1,21.9,80.3,0,0.3,Piquero,Sula variegata,Sulidae,Suliformes,Aves Silvestres,1,1,1,,,,H5N1,Positivo,
235906,Vigilancia,7/02/2023,6,15.1.01.0996,15.1.01.0996,362096,7957144,19,-70.3060942,-18.47155594,Arica,ARICA,ARICA,20.7,26.4,62,0,0,Guanay,Leucocarbo bougainvilliorum,Phalacrocoracidae,Suliformes,Aves Silvestres,1,1,1,,,,H5N1,Positivo,
235916,Vigilancia,8/02/2023,6,01.1.01.0073,01.1.01.0073,379592,7761943,19,-70.15274149,-20.23636668,Tarapacá,IQUIQUE,IQUIQUE,19.2,26.6,68.8,0,0,Guanay,Leucocarbo bougainvilliorum,Phalacrocoracidae,Suliformes,Aves Silvestres,1,1,1,,,,H5N1,Positivo,
235918,Vigilancia,8/02/2023,6,01.2.03.0315,01.2.03.0315,373673,7834300,19,-70.20443992,-19.58225687,Tarapacá,HUARA,HUARA,19.2,26.6,68.8,0,0,Guanay,Leucocarbo bougainvilliorum,Phalacrocoracidae,Suliformes,Aves Silvestres,3,2,1,1,,,H5N1,Positivo,
236301,Vigilancia,9/02/2023,6,01.1.01.0038,01.1.01.0038,376367,7697206,19,-70.18811828,-20.82100806,Tarapacá,IQUIQUE,IQUIQUE,19.9,27,64,0,0,Guanay,Leucocarbo bougainvilliorum,Phalacrocoracidae,Suliformes,Aves Silvestres,1,1,1,,,,H5N1,Positivo,
236377,Vigilancia,9/02/2023,6,01.1.01.0059,01.1.01.0059,380771,7765756,19,-70.14120458,-20.20199129,Tarapacá,IQUIQUE,IQUIQUE,19.9,27,64,0,0,Piquero,Sula variegata,Sulidae,Suliformes,Aves Silvestres,1,1,1,,,,H5N1,Positivo,
236308,Vigilancia,9/02/2023,6,01.1.01.0078,01.1.01.0078,390196,7630277,19,-70.05952558,-21.4265121,Antofagasta,IQUIQUE,IQUIQUE,19.9,27,64,0,0,Piquero,Sula variegata,Sulidae,Suliformes,Aves Silvestres,1,1,1,,,,H5N1,Positivo,
236358,Vigilancia,9/02/2023,6,01.1.01.0090,01.1.01.0090,378738,7735797,19,-70.16268287,-20.47252771,Tarapacá,IQUIQUE,IQUIQUE,19.9,27,64,0,0,Guanay,Leucocarbo bougainvilliorum,Phalacrocoracidae,Suliformes,Aves Silvestres,1,1,1,,,,H5N1,Positivo,
236043,Vigilancia,9/02/2023,6,02.3.01.0069,02.3.01.0069,376515,7557078,19,-70.19698558,-22.08682159,Antofagasta,TOCOPILLA,TOCOPILLA,20.2,29.2,65.1,0,0,Piquero,Sula variegata,Sulidae,Suliformes,Aves Silvestres,2,2,2,,,,H5N1,Positivo,
237088,Vigilancia,9/02/2023,6,15.1.01.1005,15.1.01.1005,360671,7951676,19,-70.31996629,-18.52086999,Arica,ARICA,ARICA,21.2,26.7,68,0,0,Piquero,Sula variegata,Sulidae,Suliformes,Aves Silvestres,1,1,1,,,,,Positivo,
236239,Vigilancia,10/02/2023,6,02.1.02.0078,02.1.02.0078,367937,7465559,19,-70.28774962,-22.91276687,Antofagasta,MEJILLONES,MEJILLONES,19.5,29.8,62,0,0,Piquero,Sula variegata,Sulidae,Suliformes,Aves Silvestres,1,1,1,,,,,Positivo,
236108,Vigilancia,10/02/2023,6,02.1.02.0079,02.1.02.0079,368513,7487515,19,-70.28027926,-22.71451911,Antofagasta,MEJILLONES,MEJILLONES,19.5,29.8,62,0,0,Piquero,Sula variegata,Sulidae,Suliformes,Aves Silvestres,1,1,1,,,,H5N1,Positivo,
236109,Vigilancia,10/02/2023,6,02.1.02.0080,02.1.02.0080,365853,7459864,19,-70.30856099,-22.96403326,Antofagasta,MEJILLONES,MEJILLONES,19.5,29.8,62,0,0,Piquero,Sula variegata,Sulidae,Suliformes,Aves Silvestres,1,1,1,,,,H5N1,Positivo,
236255,Vigilancia,10/02/2023,6,02.1.02.0081,02.1.02.0081,347468,7444814,19,-70.48934979,-23.09835896,Antofagasta,MEJILLONES,MEJILLONES,19.5,29.8,62,0,0,Piquero,Sula variegata,Sulidae,Suliformes,Aves Silvestres,2,2,2,,,,H5N1,Positivo,
236973,Vigilancia,10/02/2023,6,02.3.01.0069,02.3.01.0069,376515,7557078,19,-70.19698558,-22.08682159,Antofagasta,TOCOPILLA,TOCOPILLA,19.5,29.8,62.3,0,0,Piquero,Sula variegata,Sulidae,Suliformes,Aves Silvestres,1,1,1,,,,,Positivo,
237061,Vigilancia,10/02/2023,6,03.1.02.0063,03.1.02.0063,322570,7013264,19,-70.78802666,-26.99136846,Atacama,CALDERA,CALDERA,18,26.4,70,0,0,Piquero,Sula variegata,Sulidae,Suliformes,Aves Silvestres,1,1,1,,,,H5N1,Positivo,
237063,Vigilancia,10/02/2023,6,03.1.02.0203,03.1.02.0203,326572,7038706,19,-70.74418412,-26.76227195,Atacama,CALDERA,CALDERA,18,26.4,70,0,0,Piquero,Sula variegata,Sulidae,Suliformes,Aves Silvestres,1,1,1,,,,H5N1,Positivo,
237089,Vigilancia,11/02/2023,6,15.1.01.1005,15.1.01.1005,360671,7951676,19,-70.31996629,-18.52086999,Arica,ARICA,ARICA,20.6,26.4,66,0,0,Piquero,Sula variegata,Sulidae,Suliformes,Aves Silvestres,1,1,1,,,,H5N1,Positivo,
237091,Vigilancia,12/02/2023,7,15.1.01.1005,15.1.01.1005,360671,7951676,19,-70,-19,Arica,ARICA,ARICA,22.1,26.9,64,0,0,Piquero,Sula variegata,Sulidae,Suliformes,Aves Silvestres,1,1,1,,,,,Positivo,
236586,Vigilancia,13/02/2023,7,01.1.01.0055,01.1.01.0055,380470,7751434,19,-70,-20,Tarapacá,IQUIQUE,IQUIQUE,20.6,27.5,61.5,0,0,Piquero,Sula variegata,Sulidae,Suliformes,Aves Silvestres,2,1,1,,,,H5N1,Positivo,
236613,Vigilancia,13/02/2023,7,02.1.02.0083,02.1.02.0083,351151,7444811,19,-70.45339766,-23.0987212,Antofagasta,MEJILLONES,MEJILLONES,18.3,29.8,65.1,0,0,Piquero,Sula variegata,Sulidae,Suliformes,Aves Silvestres,1,1,1,,,,H5N1,Positivo,
236618,Vigilancia,13/02/2023,7,02.1.04.0107,02.1.04.0107,350677,7189449,19,-70.48455832,-25.40434002,Antofagasta,TALTAL,TALTAL,14.8,24.4,69.3,0,0,Piquero,Sula variegata,Sulidae,Suliformes,Aves Silvestres,1,1,1,,,,H5N1,Positivo,
236564,Vigilancia,13/02/2023,7,02.1.04.0116,02.1.04.0116,351493,7190468,19,-70.47633588,-25.39522258,Antofagasta,TALTAL,TALTAL,14.8,24.4,69.3,0,0,Guanay,Leucocarbo bougainvilliorum,Phalacrocoracidae,Suliformes,Aves Silvestres,1,1,1,,,,H5N1,Positivo,
236604,Denuncia,13/02/2023,7,05.6.02.0121,05.6.02.0121,249996,6304918,19,-71.6870052,-33.3659414,Valparaíso,ALGARROBO,ALGARROBO,9.7,22.3,77,0,0,Piquero,Sula variegata,Sulidae,Suliformes,Aves Silvestres,1,1,1,,,,H5N1,Positivo,
237130,Vigilancia,13/02/2023,7,15.1.01.0995,15.1.01.0995,358950,7926315,19,-70.33806026,-18.74990641,Arica,ARICA,ARICA,21.5,29.9,57.6,0,0,Piquero,Sula variegata,Sulidae,Suliformes,Aves Silvestres,1,1,1,,,,,Positivo,
237105,Vigilancia,13/02/2023,7,15.1.02.0124,15.1.02.0124,366497,7877562,19,-70,-19,Arica,CAMARONES,CAMARONES,20.8,28.8,56.3,0,0,Piquero,Sula variegata,Sulidae,Suliformes,Aves Silvestres,1,1,1,,,,H5N1,Positivo,
236905,Vigilancia,14/02/2023,7,01.1.01.0059,01.1.01.0059,380771,7765756,19,-70.14120458,-20.20199129,Tarapacá,IQUIQUE,IQUIQUE,21,27.7,60,0,0,Guanay,Leucocarbo bougainvilliorum,Phalacrocoracidae,Suliformes,Aves Silvestres,1,1,1,,,,,Positivo,
236766,Vigilancia,14/02/2023,7,02.1.01.0085,02.1.01.0085,354423,7400134,19,-70.42575054,-23.50245883,Antofagasta,ANTOFAGASTA,ANTOFAGASTA,18.5,25.4,71.4,0,0,Piquero,Sula variegata,Sulidae,Suliformes,Aves Silvestres,4,1,1,,,,,Positivo,
238313,Vigilancia,14/02/2023,7,03.1.02.0067,03.1.02.0067,317266,7002926,19,-70.84297821,-27.08396887,Atacama,CALDERA,CALDERA,16.6,23.7,86,0.2,0.3,Piquero,Sula variegata,Sulidae,Suliformes,Aves Silvestres,1,1,1,,,,,Positivo,
236901,Vigilancia,15/02/2023,7,01.2.03.0315,01.2.03.0315,373673,7834300,19,-70,-20,Tarapacá,HUARA,HUARA,21.3,27.8,57.5,0,0,Guanay,Leucocarbo bougainvilliorum,Phalacrocoracidae,Suliformes,Aves Silvestres,18,4,3,1,,,H5N1,Positivo,
236815,Vigilancia,15/02/2023,7,02.1.01.0085,02.1.01.0085,354423,7400134,19,-70.42575054,-23.50245883,Antofagasta,ANTOFAGASTA,ANTOFAGASTA,18.8,25.1,71.2,0,0,Piquero,Sula variegata,Sulidae,Suliformes,Aves Silvestres,1,1,1,,,,,Positivo,
237131,Vigilancia,15/02/2023,7,15.1.01.0995,15.1.01.0995,358950,7926315,19,-70.33806026,-18.74990641,Arica,ARICA,ARICA,21,30.4,56.5,0,0,Piquero,Sula variegata,Sulidae,Suliformes,Aves Silvestres,2,1,1,,,,,Positivo,
237131,Vigilancia,15/02/2023,7,15.1.01.0995,15.1.01.0995,358950,7926315,19,-70.33806026,-18.74990641,Arica,ARICA,ARICA,21,30.4,56.5,0,0,Guanay,Leucocarbo bougainvilliorum,Phalacrocoracidae,Suliformes,Aves Silvestres,1,1,1,,,,H5N1,Positivo,
237272,Vigilancia,16/02/2023,7,01.1.01.0055,01.1.01.0055,380470,7751434,19,-70.14503413,-20.33136614,Tarapacá,IQUIQUE,IQUIQUE,21.4,29.5,59.2,0,0,Piquero,Sula variegata,Sulidae,Suliformes,Aves Silvestres,2,2,2,,,,H5N1,Positivo,
237155,Vigilancia,16/02/2023,7,02.1.04.0116,02.1.04.0116,351493,7190468,19,-70.47633588,-25.39522258,Antofagasta,TALTAL,TALTAL,14.6,20.8,74.9,0,0,Piquero,Sula variegata,Sulidae,Suliformes,Aves Silvestres,1,1,1,,,,H5N1,Positivo,
237438,Vigilancia,16/02/2023,7,03.1.02.0062,03.1.02.0062,322300,7011883,19,-70.79094394,-27.00379629,Atacama,CALDERA,CALDERA,16.7,25.9,74,0,0.3,Piquero,Sula variegata,Sulidae,Suliformes,Aves Silvestres,1,1,1,,,,,Positivo,
237206,Vigilancia,16/02/2023,7,15.1.01.0995,15.1.01.0995,358950,7926315,19,-70.33806026,-18.74990641,Arica,ARICA,ARICA,21.9,32.4,54.9,0,0,Piquero,Sula variegata,Sulidae,Suliformes,Aves Silvestres,3,1,1,,,,H5N1,Positivo,
237206,Vigilancia,16/02/2023,7,15.1.01.0995,15.1.01.0995,358950,7926315,19,-70.33806026,-18.74990641,Arica,ARICA,ARICA,21.9,32.4,54.9,0,0,Guanay,Leucocarbo bougainvilliorum,Phalacrocoracidae,Suliformes,Aves Silvestres,1,1,1,,,,,Positivo,
237094,Vigilancia,16/02/2023,7,15.1.01.1005,15.1.01.1005,360671,7951676,19,-70.31996629,-18.52086999,Arica,ARICA,ARICA,21.3,27,65,0,0,Guanay,Leucocarbo bougainvilliorum,Phalacrocoracidae,Suliformes,Aves Silvestres,1,1,1,,,,,Positivo,
237209,Vigilancia,16/02/2023,7,15.1.02.0124,15.1.02.0124,366497,7877562,19,-70.26981157,-19.19091189,Arica,CAMARONES,CAMARONES,21.6,29.4,56.5,0,0,Piquero,Sula variegata,Sulidae,Suliformes,Aves Silvestres,1,1,1,,,,,Positivo,
237267,Vigilancia,17/02/2023,7,01.2.03.0315,01.2.03.0315,373673,7834300,19,-70,-20,Tarapacá,HUARA,HUARA,21,28.2,63.5,0,0,Guanay,Leucocarbo bougainvilliorum,Phalacrocoracidae,Suliformes,Aves Silvestres,23,6,3,3,,,,Positivo,
237373,Vigilancia,18/02/2023,7,01.1.01.0055,01.1.01.0055,380470,7751434,19,-70.14503413,-20.33136614,Tarapacá,IQUIQUE,IQUIQUE,21,30.2,55,0,0,Piquero,Sula variegata,Sulidae,Suliformes,Aves Silvestres,2,1,1,,,,H5N1,Positivo,
237369,Vigilancia,18/02/2023,7,01.1.01.0073,01.1.01.0073,379592,7761943,19,-70.15274149,-20.23636668,Tarapacá,IQUIQUE,IQUIQUE,21,30.2,55,0,0,Guanay,Leucocarbo bougainvilliorum,Phalacrocoracidae,Suliformes,Aves Silvestres,1,1,1,,,,H5N1,Positivo,
237411,Vigilancia,18/02/2023,7,01.1.01.0093,01.1.01.0093,375437,7697920,19,-70.19700321,-20.81449571,Tarapacá,IQUIQUE,IQUIQUE,21,30.2,55,0,0,Piquero,Sula variegata,Sulidae,Suliformes,Aves Silvestres,1,1,1,,,,H5N1,Positivo,
237411,Vigilancia,18/02/2023,7,01.1.01.0093,01.1.01.0093,375437,7697920,19,-70.19700321,-20.81449571,Tarapacá,IQUIQUE,IQUIQUE,21,30.2,55,0,0,Guanay,Leucocarbo bougainvilliorum,Phalacrocoracidae,Suliformes,Aves Silvestres,4,1,1,,,,H5N1,Positivo,
237445,Vigilancia,19/02/2023,8,01.1.01.0059,01.1.01.0059,380771,7765756,19,-70.14120458,-20.20199129,Tarapacá,IQUIQUE,IQUIQUE,20.8,28,57,0,0,Guanay,Leucocarbo bougainvilliorum,Phalacrocoracidae,Suliformes,Aves Silvestres,1,1,1,,,,H5N1,Positivo,
237450,Vigilancia,19/02/2023,8,01.1.01.0093,01.1.01.0093,375437,7697920,19,-70.19700321,-20.81449571,Tarapacá,IQUIQUE,IQUIQUE,20.8,28,57,0,0,Guanay,Leucocarbo bougainvilliorum,Phalacrocoracidae,Suliformes,Aves Silvestres,3,1,1,,,,H5N1,Positivo,
237755,Vigilancia,20/02/2023,8,01.1.01.0073,01.1.01.0073,379592,7761943,19,-70.15274149,-20.23636668,Tarapacá,IQUIQUE,IQUIQUE,19.8,27.1,71.2,0,0,Guanay,Leucocarbo bougainvilliorum,Phalacrocoracidae,Suliformes,Aves Silvestres,1,1,1,,,,H5N1,Positivo,
238316,Vigilancia,20/02/2023,8,04.1.02.0460,04.1.02.0460,266295,6657034,19,-71.42754439,-30.1957376,Coquimbo,COQUIMBO,COQUIMBO,15.8,19.4,89.2,0,0,Guanay,Leucocarbo bougainvilliorum,Phalacrocoracidae,Suliformes,Aves Silvestres,1,1,1,,,,H5N1,Positivo,
237925,Vigilancia,21/02/2023,8,01.1.01.0081,01.1.01.0081,379087,7765855,19,-70.15731399,-20.20099146,Tarapacá,IQUIQUE,IQUIQUE,18.7,25.8,65.5,0,0,Guanay,Leucocarbo bougainvilliorum,Phalacrocoracidae,Suliformes,Aves Silvestres,1,1,1,,,,,Positivo,
238306,Vigilancia,21/02/2023,8,03.2.01.0064,03.2.01.0064,334056,7081176,19,-70.66339643,-26.3798733,Atacama,CHAÑARAL,CHAÑARAL,17.4,21.9,81.2,0,0.3,Guanay,Leucocarbo bougainvilliorum,Phalacrocoracidae,Suliformes,Aves Silvestres,1,1,1,,,,H5N1,Positivo,
238245,Vigilancia,22/02/2023,8,01.1.01.0059,01.1.01.0059,380771,7765756,19,-70.14120458,-20.20199129,Tarapacá,IQUIQUE,IQUIQUE,19.4,26.5,52.5,0,0,Guanay,Leucocarbo bougainvilliorum,Phalacrocoracidae,Suliformes,Aves Silvestres,1,1,1,,,,,Positivo,
238317,Vigilancia,22/02/2023,8,03.1.02.0061,03.1.02.0061,316457,7000157,19,-70.85154505,-27.10884842,Atacama,CALDERA,CALDERA,17.8,26.1,74,0,0.3,Guanay,Leucocarbo bougainvilliorum,Phalacrocoracidae,Suliformes,Aves Silvestres,1,1,1,,,,,Positivo,
238329,Vigilancia,22/02/2023,8,04.1.01.0674,04.1.01.0674,280151,6686329,19,-71.27765811,-29.93415952,Coquimbo,LA SERENA,LA SERENA,16.1,21.6,79,0,0,Guanay,Leucocarbo bougainvilliorum,Phalacrocoracidae,Suliformes,Aves Silvestres,1,1,1,,,,,Positivo,
238744,Vigilancia,23/02/2023,8,01.1.01.0093,01.1.01.0093,375437,7697920,19,-70.19700321,-20.81449571,Tarapacá,IQUIQUE,IQUIQUE,18.2,26,63.8,0,0,Guanay,Leucocarbo bougainvilliorum,Phalacrocoracidae,Suliformes,Aves Silvestres,1,1,1,,,,H5N1,Positivo,
238746,Vigilancia,23/02/2023,8,01.1.01.0096,01.1.01.0096,385955,7656898,19,-70.09865274,-21.18576347,Tarapacá,IQUIQUE,IQUIQUE,18.2,26,63.8,0,0,Piquero,Sula variegata,Sulidae,Suliformes,Aves Silvestres,1,1,1,,,,H5N1,Positivo,
238746,Vigilancia,23/02/2023,8,01.1.01.0096,01.1.01.0096,385955,7656898,19,-70.09865274,-21.18576347,Tarapacá,IQUIQUE,IQUIQUE,18.2,26,63.8,0,0,Guanay,Leucocarbo bougainvilliorum,Phalacrocoracidae,Suliformes,Aves Silvestres,1,1,1,,,,H5N1,Positivo,
238983,Vigilancia,23/02/2023,8,04.1.02.0487,04.1.02.0487,256044,6645667,19,-71.53657075,-30.2962019,Coquimbo,COQUIMBO,COQUIMBO,14.9,19.3,87.2,0,0,Guanay,Leucocarbo bougainvilliorum,Phalacrocoracidae,Suliformes,Aves Silvestres,1,1,1,,,,H5N1,Positivo,
238974,Vigilancia,23/02/2023,8,04.1.04.0189,04.1.04.0189,252726,6759250,19,-72,-29,Coquimbo,LA HIGUERA,LA HIGUERA,14,20.7,80,0,2.4,Piquero,Sula variegata,Sulidae,Suliformes,Aves Silvestres,1,1,1,,,,H5N1,Positivo,
238777,Vigilancia,24/02/2023,8,01.2.03.0315,01.2.03.0315,373673,7834300,19,-70.20443992,-19.58225687,Tarapacá,HUARA,HUARA,18.6,27.2,66,0,0,Piquero,Sula variegata,Sulidae,Suliformes,Aves Silvestres,1,1,1,,,,,Positivo,
241302,Vigilancia,24/02/2023,8,03.1.02.0068,03.1.02.0068,313321,6955981,19,-70.88990981,-27.50704066,Atacama,CALDERA,CALDERA,14.8,26.5,68,0,0.3,Piquero,Sula variegata,Sulidae,Suliformes,Aves Silvestres,1,1,1,,,,,Positivo,
239047,Denuncia,24/02/2023,8,04.1.01.0630,04.1.01.0630,280207,6693833,19,-71.27553938,-29.86650147,Coquimbo,LA SERENA,LA SERENA,15.5,22.1,85,0,0,Guanay,Leucocarbo bougainvilliorum,Phalacrocoracidae,Suliformes,Aves Silvestres,1,1,1,,,,,Positivo,
238535,Vigilancia,24/02/2023,8,05.1.07.0141,05.1.07.0141,266026,6370565,19,-71.4980812,-32.77796485,Valparaíso,QUINTERO,QUINTERO,15,21,84.3,0,0,Piquero,Sula variegata,Sulidae,Suliformes,Aves Silvestres,1,1,1,,,,H5N1,Positivo,
238807,Vigilancia,25/02/2023,8,01.1.01.0093,01.1.01.0093,375437,7697920,19,-70.19700321,-20.81449571,Tarapacá,IQUIQUE,IQUIQUE,18.4,27.2,58.5,0,0,Guanay,Leucocarbo bougainvilliorum,Phalacrocoracidae,Suliformes,Aves Silvestres,3,1,1,,,,,Positivo,
238918,Vigilancia,25/02/2023,8,04.1.04.0189,04.1.04.0189,252726,6759250,19,-71.54498883,-29.27147823,Coquimbo,LA HIGUERA,LA HIGUERA,15.4,21.1,81.9,0,2.4,Piquero,Sula variegata,Sulidae,Suliformes,Aves Silvestres,1,1,1,,,,H5N1,Positivo,
239006,Vigilancia,25/02/2023,8,04.1.04.0189,04.1.04.0189,252726,6759250,19,-71.54498883,-29.27147823,Coquimbo,LA HIGUERA,LA HIGUERA,15.4,21.1,81.9,0,2.4,Guanay,Leucocarbo bougainvilliorum,Phalacrocoracidae,Suliformes,Aves Silvestres,1,1,1,,,,H5N1,Positivo,
239024,Vigilancia,25/02/2023,8,04.1.04.0189,04.1.04.0189,252726,6759250,19,-71.54498883,-29.27147823,Coquimbo,LA HIGUERA,LA HIGUERA,15.4,21.1,81.9,0,2.4,Piquero,Sula variegata,Sulidae,Suliformes,Aves Silvestres,1,1,1,,,,H5N1,Positivo,
239670,Vigilancia,27/02/2023,9,03.2.01.0066,03.2.01.0066,338098,7084719,19,-70.62244667,-26.34836,Atacama,CHAÑARAL,CHAÑARAL,16.6,21.6,79.5,0,0.3,Piquero,Sula variegata,Sulidae,Suliformes,Aves Silvestres,1,1,1,,,,H5N1,Positivo,
239080,Vigilancia,27/02/2023,9,04.1.02.0470,04.1.02.0470,271921,6680620,19,-71.36408076,-29.98413689,Coquimbo,COQUIMBO,COQUIMBO,16.1,18.9,88.2,0,0,Guanay,Leucocarbo bougainvilliorum,Phalacrocoracidae,Suliformes,Aves Silvestres,1,1,1,,,,H5N1,Positivo,
238993,Vigilancia,27/02/2023,9,15.1.02.0124,15.1.02.0124,366497,7877562,19,-70.26981157,-19.19091189,Arica,CAMARONES,CAMARONES,16.9,26.6,57.7,0,0,Guanay,Leucocarbo bougainvilliorum,Phalacrocoracidae,Suliformes,Aves Silvestres,2,1,1,,,,,Positivo,
239595,Vigilancia,28/02/2023,9,04.1.04.0189,04.1.04.0189,252726,6759250,19,-71.54498883,-29.27147823,Coquimbo,LA HIGUERA,LA HIGUERA,15.1,17.4,85.9,0,2.4,Piquero,Sula variegata,Sulidae,Suliformes,Aves Silvestres,1,1,1,,,,H5N1,Positivo,
239584,Vigilancia,1/03/2023,9,04.1.04.0180,04.1.04.0180,254973,6762941,19,-72,-29,Coquimbo,LA HIGUERA,LA HIGUERA,14,19.6,83.4,0,0,Guanay,Leucocarbo bougainvilliorum,Phalacrocoracidae,Suliformes,Aves Silvestres,1,1,1,,,,H5N1,Positivo,
239958,Denuncia,2/03/2023,9,04.1.04.0181,04.1.04.0181,260153,6762049,19,-71.46800206,-29.24767264,Coquimbo,LA HIGUERA,LA HIGUERA,15.6,19.4,82,0,0,Piquero,Sula variegata,Sulidae,Suliformes,Aves Silvestres,1,1,1,,,,H5N1,Positivo,
241308,Vigilancia,3/03/2023,9,03.1.02.0076,03.1.02.0076,307907,6974863,19,-71,-27,Atacama,CALDERA,CALDERA,17.6,24.4,66,0,0,Guanay,Leucocarbo bougainvilliorum,Phalacrocoracidae,Suliformes,Aves Silvestres,1,1,1,,,,,Positivo,
240272,Vigilancia,6/03/2023,10,01.1.01.0090,01.1.01.0090,378738,7735797,19,-70.16268287,-20.47252771,Tarapacá,IQUIQUE,IQUIQUE,19.9,29.9,53.2,0,0,Piquero,Sula variegata,Sulidae,Suliformes,Aves Silvestres,1,1,1,,,,,Positivo,
241299,Vigilancia,8/03/2023,10,03.2.01.0011,03.2.01.0011,333332,7105920,19,-71,-26,Atacama,CHAÑARAL,CHAÑARAL,18,23.8,67.2,0,0,Piquero,Sula variegata,Sulidae,Suliformes,Aves Silvestres,1,1,1,,,,,Positivo,
241057,Vigilancia,9/03/2023,10,04.2.03.0599,04.2.03.0599,263978,6468328,19,-71,-32,Coquimbo,LOS VILOS,LOS VILOS,11.3,21.2,76.9,0,0.2,Piquero,Sula variegata,Sulidae,Suliformes,Aves Silvestres,1,1,1,,,,,Positivo,
241297,Vigilancia,10/03/2023,10,02.1.02.0078,02.1.02.0078,367937,7465559,19,-70,-23,Antofagasta,MEJILLONES,MEJILLONES,18.8,27.1,62,0,0,Piquero,Sula variegata,Sulidae,Suliformes,Aves Silvestres,1,1,1,,,,,Positivo,
241316,Vigilancia,11/03/2023,10,06.2.05.0744,06.2.05.0744,234661,6239182,19,-72,-34,O'Higgins,NAVIDAD,NAVIDAD,8.3,20,83.8,0,0.2,Guanay,Leucocarbo bougainvilliorum,Phalacrocoracidae,Suliformes,Aves Silvestres,1,1,1,,,,,Positivo,
242455,Vigilancia,12/03/2023,11,03.1.02.0130,03.1.02.0130,321759,7004894,19,-71,-27,Atacama,CALDERA,CALDERA,15.6,25.4,69,0,0,Piquero,Sula variegata,Sulidae,Suliformes,Aves Silvestres,1,1,1,,,,H5N1,Positivo,
241364,Vigilancia,12/03/2023,11,04.1.04.0180,04.1.04.0180,254973,6762941,19,-72,-29,Coquimbo,LA HIGUERA,LA HIGUERA,14.8,21.9,78,0,0,Piquero,Sula variegata,Sulidae,Suliformes,Aves Silvestres,1,1,1,,,,,Positivo,
241440,Vigilancia,12/03/2023,11,04.2.03.0599,04.2.03.0599,263978,6468328,19,-71,-32,Coquimbo,LOS VILOS,LOS VILOS,10.5,22.7,69,0,0.2,Piquero,Sula variegata,Sulidae,Suliformes,Aves Silvestres,1,1,1,,,,,Positivo,
241318,Vigilancia,12/03/2023,11,06.2.05.0742,06.2.05.0742,233512,6237098,19,-72,-34,O'Higgins,NAVIDAD,NAVIDAD,6.7,21,83.9,0,0.2,Guanay,Leucocarbo bougainvilliorum,Phalacrocoracidae,Suliformes,Aves Silvestres,2,2,1,1,,,,Positivo,
241388,Vigilancia,12/03/2023,11,06.2.05.0744,06.2.05.0744,234661,6239182,19,-72,-34,O'Higgins,NAVIDAD,NAVIDAD,6.7,21,83.9,0,0.2,Guanay,Leucocarbo bougainvilliorum,Phalacrocoracidae,Suliformes,Aves Silvestres,2,1,1,,,,,Positivo,
244056,Vigilancia,13/03/2023,11,03.2.01.0066,03.2.01.0066,338098,7084719,19,-71,-26,Atacama,CHAÑARAL,CHAÑARAL,17.4,22.3,72.2,0,0,Piquero,Sula variegata,Sulidae,Suliformes,Aves Silvestres,1,1,1,,,,,Positivo,
241747,Vigilancia,13/03/2023,11,04.2.03.0599,04.2.03.0599,263978,6468328,19,-71,-32,Coquimbo,LOS VILOS,LOS VILOS,11.2,22.5,74.5,0,0.2,Guanay,Leucocarbo bougainvilliorum,Phalacrocoracidae,Suliformes,Aves Silvestres,2,1,1,,,,H5N1,Positivo,
242103,Vigilancia,13/03/2023,11,06.2.05.0742,06.2.05.0742,233512,6237098,19,-72,-34,O'Higgins,NAVIDAD,NAVIDAD,7.5,25,82.6,0,0.2,Piquero,Sula variegata,Sulidae,Suliformes,Aves Silvestres,1,1,1,,,,,Positivo,
242004,Vigilancia,14/03/2023,11,04.2.03.0599,04.2.03.0599,263978,6468328,19,-71,-32,Coquimbo,LOS VILOS,LOS VILOS,15.5,22.6,73.1,0,0.2,Piquero,Sula variegata,Sulidae,Suliformes,Aves Silvestres,1,1,1,,,,H5N1,Positivo,
242089,Vigilancia,14/03/2023,11,04.2.03.0599,04.2.03.0599,263978,6468328,19,-71,-32,Coquimbo,LOS VILOS,LOS VILOS,15.5,22.6,73.1,0,0.2,Guanay,Leucocarbo bougainvilliorum,Phalacrocoracidae,Suliformes,Aves Silvestres,2,1,1,,,,H5N1,Positivo,
242095,Vigilancia,14/03/2023,11,04.2.03.0599,04.2.03.0599,263978,6468328,19,-71,-32,Coquimbo,LOS VILOS,LOS VILOS,15.5,22.6,73.1,0,0.2,Piquero,Sula variegata,Sulidae,Suliformes,Aves Silvestres,1,1,1,,,,H5N1,Positivo,
242304,Vigilancia,15/03/2023,11,04.1.01.0628,04.1.01.0628,278708,6698624,19,-71,-30,Coquimbo,LA SERENA,LA SERENA,15,21.1,90,0,0,Piquero,Sula variegata,Sulidae,Suliformes,Aves Silvestres,4,1,1,,,,H5N1,Positivo,
242337,Vigilancia,15/03/2023,11,06.2.05.0744,06.2.05.0744,234661,6239182,19,-72,-34,O'Higgins,NAVIDAD,NAVIDAD,4.7,26.3,66.8,0,0.2,Guanay,Leucocarbo bougainvilliorum,Phalacrocoracidae,Suliformes,Aves Silvestres,1,1,1,,,,,Positivo,
243163,Vigilancia,16/03/2023,11,04.2.03.0599,04.2.03.0599,263978,6468328,19,-71,-32,Coquimbo,LOS VILOS,LOS VILOS,9.8,24,64.7,0,0.2,Piquero,Sula variegata,Sulidae,Suliformes,Aves Silvestres,1,1,1,,,,,Positivo,
243166,Vigilancia,16/03/2023,11,04.2.03.0599,04.2.03.0599,263978,6468328,19,-71,-32,Coquimbo,LOS VILOS,LOS VILOS,9.8,24,64.7,0,0.2,Piquero,Sula variegata,Sulidae,Suliformes,Aves Silvestres,1,1,1,,,,,Positivo,
242755,Vigilancia,17/03/2023,11,06.2.03.0401,06.2.03.0401,228216,6225552,19,-72,-34,O'Higgins,LITUECHE,LITUECHE,7,24.2,82.5,0,0.2,Piquero,Sula variegata,Sulidae,Suliformes,Aves Silvestres,1,1,1,,,,H5N1,Positivo,
244155,Vigilancia,18/03/2023,11,04.1.02.0460,04.1.02.0460,266295,6657034,19,-71,-30,Coquimbo,COQUIMBO,COQUIMBO,16,20.5,88.9,0,0.4,Piquero,Sula variegata,Sulidae,Suliformes,Aves Silvestres,1,1,1,,,,,Positivo,
243167,Vigilancia,18/03/2023,11,04.2.03.0599,04.2.03.0599,263978,6468328,19,-71,-32,Coquimbo,LOS VILOS,LOS VILOS,12.2,23.3,75.1,0,0.2,Piquero,Sula variegata,Sulidae,Suliformes,Aves Silvestres,1,1,1,,,,,Positivo,
243170,Vigilancia,18/03/2023,11,04.2.03.0599,04.2.03.0599,263978,6468328,19,-71,-32,Coquimbo,LOS VILOS,LOS VILOS,12.2,23.3,75.1,0,0.2,Piquero,Sula variegata,Sulidae,Suliformes,Aves Silvestres,1,1,1,,,,,Positivo,
244122,Vigilancia,19/03/2023,12,04.1.02.0457,04.1.02.0457,272111,6682925,19,-71,-30,Coquimbo,COQUIMBO,COQUIMBO,16,20.1,91.4,0,0.4,Piquero,Sula variegata,Sulidae,Suliformes,Aves Silvestres,1,1,1,,,,H5N1,Positivo,
243179,Vigilancia,19/03/2023,12,04.2.03.0599,04.2.03.0599,263978,6468328,19,-71,-32,Coquimbo,LOS VILOS,LOS VILOS,9.8,22.1,77.6,0,0.2,Piquero,Sula variegata,Sulidae,Suliformes,Aves Silvestres,1,1,1,,,,,Positivo,
243072,Vigilancia,19/03/2023,12,05.6.02.0115,05.6.02.0115,253262,6307888,19,-72,-33,Valparaíso,ALGARROBO,ALGARROBO,11,20.9,94,0,0,Piquero,Sula variegata,Sulidae,Suliformes,Aves Silvestres,1,1,1,,,,,Positivo,
244142,Vigilancia,20/03/2023,12,04.1.02.0471,04.1.02.0471,278659,6684854,19,-71,-30,Coquimbo,COQUIMBO,COQUIMBO,16.4,21.1,89.3,0,0.4,Piquero,Sula variegata,Sulidae,Suliformes,Aves Silvestres,1,1,1,,,,,Positivo,
244163,Vigilancia,22/03/2023,12,04.1.02.0460,04.1.02.0460,266295,6657034,19,-71,-30,Coquimbo,COQUIMBO,COQUIMBO,15.9,18.2,92.3,0,0.4,Piquero,Sula variegata,Sulidae,Suliformes,Aves Silvestres,1,1,1,,,,,Positivo,
244150,Vigilancia,22/03/2023,12,04.1.02.0487,04.1.02.0487,256044,6645667,19,-72,-30,Coquimbo,COQUIMBO,COQUIMBO,15.9,18.2,92.3,0,0.4,Piquero,Sula variegata,Sulidae,Suliformes,Aves Silvestres,1,1,1,,,,,Positivo,
244021,Vigilancia,22/03/2023,12,04.2.03.0599,04.2.03.0599,263978,6468328,19,-71,-32,Coquimbo,LOS VILOS,LOS VILOS,9.6,20.9,76.5,0,0.2,Guanay,Leucocarbo bougainvilliorum,Phalacrocoracidae,Suliformes,Aves Silvestres,1,1,1,,,,,Positivo,
243718,Vigilancia,22/03/2023,12,06.2.05.0839,06.2.05.0839,232187,6233036,19,-72,-34,O'Higgins,NAVIDAD,NAVIDAD,5.1,26.6,78.9,0,0.2,Guanay,Leucocarbo bougainvilliorum,Phalacrocoracidae,Suliformes,Aves Silvestres,1,1,1,,,,,Positivo,
243718,Vigilancia,22/03/2023,12,06.2.05.0839,06.2.05.0839,232187,6233036,19,-72,-34,O'Higgins,NAVIDAD,NAVIDAD,5.1,26.6,78.9,0,0.2,Piquero,Sula variegata,Sulidae,Suliformes,Aves Silvestres,1,1,1,,,,,Positivo,
244832,Denuncia,23/03/2023,12,04.1.02.0489,04.1.02.0489,267693,6657342,19,-71,-30,Coquimbo,COQUIMBO,COQUIMBO,15.9,18.8,90.7,0,0.4,Piquero,Sula variegata,Sulidae,Suliformes,Aves Silvestres,1,1,1,,,,,Positivo,
244827,Vigilancia,23/03/2023,12,04.1.04.0189,04.1.04.0189,252726,6759250,19,-72,-29,Coquimbo,LA HIGUERA,LA HIGUERA,15.8,21.3,82.9,0,0,Piquero,Sula variegata,Sulidae,Suliformes,Aves Silvestres,1,1,1,,,,,Positivo,
244023,Vigilancia,23/03/2023,12,04.2.03.0599,04.2.03.0599,263978,6468328,19,-71,-32,Coquimbo,LOS VILOS,LOS VILOS,8.5,21.6,77.2,0,0.2,Guanay,Leucocarbo bougainvilliorum,Phalacrocoracidae,Suliformes,Aves Silvestres,1,1,1,,,,,Positivo,
245358,Vigilancia,24/03/2023,12,03.2.01.0066,03.2.01.0066,338098,7084719,19,-71,-26,Atacama,CHAÑARAL,CHAÑARAL,17.3,23.7,73.9,0,0,Piquero,Sula variegata,Sulidae,Suliformes,Aves Silvestres,1,1,1,,,,,Positivo,
244480,Vigilancia,24/03/2023,12,07.1.02.0322,07.1.02.0322,733119,6087087,18,-72,-35,Maule,CONSTITUCION,CONSTITUCION,7.5,23.4,72.1,0,1.5,Piquero,Sula variegata,Sulidae,Suliformes,Aves Silvestres,1,1,1,,,,H5N1,Positivo,
245043,Denuncia,25/03/2023,12,04.1.02.0487,04.1.02.0487,256044,6645667,19,-72,-30,Coquimbo,COQUIMBO,COQUIMBO,14.5,20.8,86.1,0,0.4,Guanay,Leucocarbo bougainvilliorum,Phalacrocoracidae,Suliformes,Aves Silvestres,1,1,1,,,,,Positivo,
244998,Vigilancia,25/03/2023,12,04.1.04.0189,04.1.04.0189,252726,6759250,19,-72,-29,Coquimbo,LA HIGUERA,LA HIGUERA,14.5,20.5,81.6,0,0,Piquero,Sula variegata,Sulidae,Suliformes,Aves Silvestres,1,1,1,,,,,Positivo,
245001,Vigilancia,25/03/2023,12,04.1.04.0189,04.1.04.0189,252726,6759250,19,-72,-29,Coquimbo,LA HIGUERA,LA HIGUERA,14.5,20.5,81.6,0,0,Piquero,Sula variegata,Sulidae,Suliformes,Aves Silvestres,1,1,1,,,,,Positivo,
245032,Vigilancia,25/03/2023,12,04.1.04.0189,04.1.04.0189,252726,6759250,19,-72,-29,Coquimbo,LA HIGUERA,LA HIGUERA,14.5,20.5,81.6,0,0,Piquero,Sula variegata,Sulidae,Suliformes,Aves Silvestres,1,1,1,,,,,Positivo,
244807,Vigilancia,26/03/2023,13,04.1.02.0467,04.1.02.0467,273515,6682497,19,-71,-30,Coquimbo,COQUIMBO,COQUIMBO,14.3,19.9,88,0,0.4,Piquero,Sula variegata,Sulidae,Suliformes,Aves Silvestres,1,1,1,,,,,Positivo,
244809,Vigilancia,26/03/2023,13,04.1.02.0467,04.1.02.0467,273515,6682497,19,-71,-30,Coquimbo,COQUIMBO,COQUIMBO,14.3,19.9,88,0,0.4,Piquero,Sula variegata,Sulidae,Suliformes,Aves Silvestres,1,1,1,,,,,Positivo,
244629,Vigilancia,26/03/2023,13,05.1.01.0126,05.1.01.0126,254799,6339554,19,-72,-33,Valparaíso,VALPARAISO,VALPARAISO,11.5,19.1,91,0,1.9,Piquero,Sula variegata,Sulidae,Suliformes,Aves Silvestres,1,1,1,,,,H5N1,Positivo,
244578,Vigilancia,26/03/2023,13,06.2.05.0755,06.2.05.0755,236625,6242737,19,-72,-34,O'Higgins,NAVIDAD,NAVIDAD,6,17.9,86,0,0.2,Piquero,Sula variegata,Sulidae,Suliformes,Aves Silvestres,1,1,1,,,,H5N1,Positivo,
245050,Vigilancia,27/03/2023,13,01.1.01.0038,01.1.01.0038,376367,7697206,19,-70,-21,Tarapacá,IQUIQUE,IQUIQUE,21.2,27.1,65.2,0,0,Guanay,Leucocarbo bougainvilliorum,Phalacrocoracidae,Suliformes,Aves Silvestres,4,1,1,,,,,Positivo,
245328,Vigilancia,28/03/2023,13,05.1.03.0028,05.1.03.0028,265470,6355304,19,-72,-33,Valparaíso,CON CON,CON CON,10.8,18.9,82,0,0,Guanay,Leucocarbo bougainvilliorum,Phalacrocoracidae,Suliformes,Aves Silvestres,1,1,1,,,,,Positivo,
246022,Vigilancia,31/03/2023,13,07.1.02.0322,07.1.02.0322,733119,6087087,18,-72,-35,Maule,CONSTITUCION,CONSTITUCION,7,23.5,64.1,0,3,Piquero,Sula variegata,Sulidae,Suliformes,Aves Silvestres,4,1,1,,,,,Positivo,
246131,Vigilancia,1/04/2023,13,01.1.01.0059,01.1.01.0059,380771,7765756,19,-70,-20,Tarapacá,IQUIQUE,IQUIQUE,21.6,27.5,63,0,0,Guanay,Leucocarbo bougainvilliorum,Phalacrocoracidae,Suliformes,Aves Silvestres,1,1,1,,,,,Positivo,
247462,Vigilancia,5/04/2023,14,05.1.01.0154,05.1.01.0154,253990,6340939,19,-72,-33,Valparaíso,VALPARAISO,VALPARAISO,9.5,21.2,73,0,0,Piquero,Sula variegata,Sulidae,Suliformes,Aves Silvestres,1,1,1,,,,,Positivo,
